// fft_twiddles.hex -- GENERATED by hdl/sim/golden/fft_twiddle_gen; do not edit.
// Forward twiddles for fft_engine.v: line k = {cos, -sin}(2*pi*k/32768), Q1.15.
7fff0000
7ffffffa
7ffffff4
7fffffee
7fffffe7
7fffffe1
7fffffdb
7fffffd5
7fffffce
7fffffc8
7fffffc2
7fffffbb
7fffffb5
7fffffaf
7fffffa9
7fffffa2
7fffff9c
7fffff96
7fffff8f
7fffff89
7fffff83
7fffff7d
7fffff76
7fffff70
7fffff6a
7fffff63
7fffff5d
7fffff57
7fffff51
7fffff4a
7fffff44
7fffff3e
7fffff37
7fffff31
7fffff2b
7fffff25
7fffff1e
7fffff18
7fffff12
7fffff0b
7fffff05
7ffefeff
7ffefef9
7ffefef2
7ffefeec
7ffefee6
7ffefedf
7ffefed9
7ffefed3
7ffefecd
7ffefec6
7ffefec0
7ffefeba
7ffefeb3
7ffefead
7ffefea7
7ffefea1
7ffefe9a
7ffdfe94
7ffdfe8e
7ffdfe88
7ffdfe81
7ffdfe7b
7ffdfe75
7ffdfe6e
7ffdfe68
7ffdfe62
7ffdfe5c
7ffdfe55
7ffdfe4f
7ffdfe49
7ffcfe42
7ffcfe3c
7ffcfe36
7ffcfe30
7ffcfe29
7ffcfe23
7ffcfe1d
7ffcfe16
7ffcfe10
7ffcfe0a
7ffcfe04
7ffbfdfd
7ffbfdf7
7ffbfdf1
7ffbfdea
7ffbfde4
7ffbfdde
7ffbfdd8
7ffbfdd1
7ffbfdcb
7ffbfdc5
7ffafdbe
7ffafdb8
7ffafdb2
7ffafdac
7ffafda5
7ffafd9f
7ffafd99
7ffafd93
7ff9fd8c
7ff9fd86
7ff9fd80
7ff9fd79
7ff9fd73
7ff9fd6d
7ff9fd67
7ff9fd60
7ff8fd5a
7ff8fd54
7ff8fd4d
7ff8fd47
7ff8fd41
7ff8fd3b
7ff8fd34
7ff8fd2e
7ff7fd28
7ff7fd21
7ff7fd1b
7ff7fd15
7ff7fd0f
7ff7fd08
7ff7fd02
7ff6fcfc
7ff6fcf5
7ff6fcef
7ff6fce9
7ff6fce3
7ff6fcdc
7ff5fcd6
7ff5fcd0
7ff5fcc9
7ff5fcc3
7ff5fcbd
7ff5fcb7
7ff5fcb0
7ff4fcaa
7ff4fca4
7ff4fc9e
7ff4fc97
7ff4fc91
7ff4fc8b
7ff3fc84
7ff3fc7e
7ff3fc78
7ff3fc72
7ff3fc6b
7ff2fc65
7ff2fc5f
7ff2fc58
7ff2fc52
7ff2fc4c
7ff2fc46
7ff1fc3f
7ff1fc39
7ff1fc33
7ff1fc2c
7ff1fc26
7ff0fc20
7ff0fc1a
7ff0fc13
7ff0fc0d
7ff0fc07
7feffc01
7feffbfa
7feffbf4
7feffbee
7feffbe7
7feffbe1
7feefbdb
7feefbd5
7feefbce
7feefbc8
7fedfbc2
7fedfbbb
7fedfbb5
7fedfbaf
7fedfba9
7fecfba2
7fecfb9c
7fecfb96
7fecfb8f
7fecfb89
7febfb83
7febfb7d
7febfb76
7febfb70
7feafb6a
7feafb64
7feafb5d
7feafb57
7feafb51
7fe9fb4a
7fe9fb44
7fe9fb3e
7fe9fb38
7fe8fb31
7fe8fb2b
7fe8fb25
7fe8fb1e
7fe7fb18
7fe7fb12
7fe7fb0c
7fe7fb05
7fe6faff
7fe6faf9
7fe6faf3
7fe6faec
7fe5fae6
7fe5fae0
7fe5fad9
7fe5fad3
7fe4facd
7fe4fac7
7fe4fac0
7fe4faba
7fe3fab4
7fe3faad
7fe3faa7
7fe3faa1
7fe2fa9b
7fe2fa94
7fe2fa8e
7fe2fa88
7fe1fa81
7fe1fa7b
7fe1fa75
7fe0fa6f
7fe0fa68
7fe0fa62
7fe0fa5c
7fdffa56
7fdffa4f
7fdffa49
7fdffa43
7fdefa3c
7fdefa36
7fdefa30
7fddfa2a
7fddfa23
7fddfa1d
7fddfa17
7fdcfa11
7fdcfa0a
7fdcfa04
7fdbf9fe
7fdbf9f7
7fdbf9f1
7fdaf9eb
7fdaf9e5
7fdaf9de
7fdaf9d8
7fd9f9d2
7fd9f9cb
7fd9f9c5
7fd8f9bf
7fd8f9b9
7fd8f9b2
7fd7f9ac
7fd7f9a6
7fd7f9a0
7fd6f999
7fd6f993
7fd6f98d
7fd6f986
7fd5f980
7fd5f97a
7fd5f974
7fd4f96d
7fd4f967
7fd4f961
7fd3f95b
7fd3f954
7fd3f94e
7fd2f948
7fd2f941
7fd2f93b
7fd1f935
7fd1f92f
7fd1f928
7fd0f922
7fd0f91c
7fd0f916
7fcff90f
7fcff909
7fcff903
7fcef8fc
7fcef8f6
7fcef8f0
7fcdf8ea
7fcdf8e3
7fcdf8dd
7fccf8d7
7fccf8d0
7fcbf8ca
7fcbf8c4
7fcbf8be
7fcaf8b7
7fcaf8b1
7fcaf8ab
7fc9f8a5
7fc9f89e
7fc9f898
7fc8f892
7fc8f88b
7fc7f885
7fc7f87f
7fc7f879
7fc6f872
7fc6f86c
7fc6f866
7fc5f860
7fc5f859
7fc5f853
7fc4f84d
7fc4f846
7fc3f840
7fc3f83a
7fc3f834
7fc2f82d
7fc2f827
7fc1f821
7fc1f81b
7fc1f814
7fc0f80e
7fc0f808
7fc0f802
7fbff7fb
7fbff7f5
7fbef7ef
7fbef7e8
7fbef7e2
7fbdf7dc
7fbdf7d6
7fbcf7cf
7fbcf7c9
7fbcf7c3
7fbbf7bd
7fbbf7b6
7fbaf7b0
7fbaf7aa
7fb9f7a3
7fb9f79d
7fb9f797
7fb8f791
7fb8f78a
7fb7f784
7fb7f77e
7fb7f778
7fb6f771
7fb6f76b
7fb5f765
7fb5f75e
7fb4f758
7fb4f752
7fb4f74c
7fb3f745
7fb3f73f
7fb2f739
7fb2f733
7fb1f72c
7fb1f726
7fb1f720
7fb0f71a
7fb0f713
7faff70d
7faff707
7faef700
7faef6fa
7faef6f4
7fadf6ee
7fadf6e7
7facf6e1
7facf6db
7fabf6d5
7fabf6ce
7faaf6c8
7faaf6c2
7fa9f6bc
7fa9f6b5
7fa9f6af
7fa8f6a9
7fa8f6a2
7fa7f69c
7fa7f696
7fa6f690
7fa6f689
7fa5f683
7fa5f67d
7fa4f677
7fa4f670
7fa3f66a
7fa3f664
7fa3f65e
7fa2f657
7fa2f651
7fa1f64b
7fa1f644
7fa0f63e
7fa0f638
7f9ff632
7f9ff62b
7f9ef625
7f9ef61f
7f9df619
7f9df612
7f9cf60c
7f9cf606
7f9bf600
7f9bf5f9
7f9af5f3
7f9af5ed
7f99f5e7
7f99f5e0
7f98f5da
7f98f5d4
7f97f5cd
7f97f5c7
7f96f5c1
7f96f5bb
7f95f5b4
7f95f5ae
7f94f5a8
7f94f5a2
7f93f59b
7f93f595
7f92f58f
7f92f589
7f91f582
7f91f57c
7f90f576
7f90f570
7f8ff569
7f8ff563
7f8ef55d
7f8ef556
7f8df550
7f8df54a
7f8cf544
7f8bf53d
7f8bf537
7f8af531
7f8af52b
7f89f524
7f89f51e
7f88f518
7f88f512
7f87f50b
7f87f505
7f86f4ff
7f86f4f9
7f85f4f2
7f85f4ec
7f84f4e6
7f83f4e0
7f83f4d9
7f82f4d3
7f82f4cd
7f81f4c6
7f81f4c0
7f80f4ba
7f80f4b4
7f7ff4ad
7f7ef4a7
7f7ef4a1
7f7df49b
7f7df494
7f7cf48e
7f7cf488
7f7bf482
7f7bf47b
7f7af475
7f79f46f
7f79f469
7f78f462
7f78f45c
7f77f456
7f77f450
7f76f449
7f75f443
7f75f43d
7f74f437
7f74f430
7f73f42a
7f72f424
7f72f41e
7f71f417
7f71f411
7f70f40b
7f70f405
7f6ff3fe
7f6ef3f8
7f6ef3f2
7f6df3ec
7f6df3e5
7f6cf3df
7f6bf3d9
7f6bf3d2
7f6af3cc
7f6af3c6
7f69f3c0
7f68f3b9
7f68f3b3
7f67f3ad
7f67f3a7
7f66f3a0
7f65f39a
7f65f394
7f64f38e
7f64f387
7f63f381
7f62f37b
7f62f375
7f61f36e
7f60f368
7f60f362
7f5ff35c
7f5ff355
7f5ef34f
7f5df349
7f5df343
7f5cf33c
7f5bf336
7f5bf330
7f5af32a
7f5af323
7f59f31d
7f58f317
7f58f311
7f57f30a
7f56f304
7f56f2fe
7f55f2f8
7f55f2f1
7f54f2eb
7f53f2e5
7f53f2df
7f52f2d8
7f51f2d2
7f51f2cc
7f50f2c6
7f4ff2bf
7f4ff2b9
7f4ef2b3
7f4df2ad
7f4df2a6
7f4cf2a0
7f4bf29a
7f4bf294
7f4af28d
7f49f287
7f49f281
7f48f27b
7f47f274
7f47f26e
7f46f268
7f45f262
7f45f25b
7f44f255
7f43f24f
7f43f249
7f42f242
7f41f23c
7f41f236
7f40f230
7f3ff229
7f3ff223
7f3ef21d
7f3df217
7f3df210
7f3cf20a
7f3bf204
7f3bf1fe
7f3af1f7
7f39f1f1
7f39f1eb
7f38f1e5
7f37f1de
7f36f1d8
7f36f1d2
7f35f1cc
7f34f1c6
7f34f1bf
7f33f1b9
7f32f1b3
7f32f1ad
7f31f1a6
7f30f1a0
7f2ff19a
7f2ff194
7f2ef18d
7f2df187
7f2df181
7f2cf17b
7f2bf174
7f2af16e
7f2af168
7f29f162
7f28f15b
7f28f155
7f27f14f
7f26f149
7f25f142
7f25f13c
7f24f136
7f23f130
7f23f129
7f22f123
7f21f11d
7f20f117
7f20f110
7f1ff10a
7f1ef104
7f1df0fe
7f1df0f8
7f1cf0f1
7f1bf0eb
7f1af0e5
7f1af0df
7f19f0d8
7f18f0d2
7f17f0cc
7f17f0c6
7f16f0bf
7f15f0b9
7f14f0b3
7f14f0ad
7f13f0a6
7f12f0a0
7f11f09a
7f11f094
7f10f08d
7f0ff087
7f0ef081
7f0ef07b
7f0df075
7f0cf06e
7f0bf068
7f0bf062
7f0af05c
7f09f055
7f08f04f
7f08f049
7f07f043
7f06f03c
7f05f036
7f04f030
7f04f02a
7f03f023
7f02f01d
7f01f017
7f01f011
7f00f00b
7efff004
7efeeffe
7efdeff8
7efdeff2
7efcefeb
7efbefe5
7efaefdf
7ef9efd9
7ef9efd2
7ef8efcc
7ef7efc6
7ef6efc0
7ef5efb9
7ef5efb3
7ef4efad
7ef3efa7
7ef2efa1
7ef1ef9a
7ef1ef94
7ef0ef8e
7eefef88
7eeeef81
7eedef7b
7eedef75
7eecef6f
7eebef68
7eeaef62
7ee9ef5c
7ee9ef56
7ee8ef50
7ee7ef49
7ee6ef43
7ee5ef3d
7ee4ef37
7ee4ef30
7ee3ef2a
7ee2ef24
7ee1ef1e
7ee0ef18
7edfef11
7edfef0b
7edeef05
7eddeeff
7edceef8
7edbeef2
7edaeeec
7edaeee6
7ed9eedf
7ed8eed9
7ed7eed3
7ed6eecd
7ed5eec7
7ed5eec0
7ed4eeba
7ed3eeb4
7ed2eeae
7ed1eea7
7ed0eea1
7ecfee9b
7ecfee95
7eceee8f
7ecdee88
7eccee82
7ecbee7c
7ecaee76
7ec9ee6f
7ec9ee69
7ec8ee63
7ec7ee5d
7ec6ee57
7ec5ee50
7ec4ee4a
7ec3ee44
7ec3ee3e
7ec2ee37
7ec1ee31
7ec0ee2b
7ebfee25
7ebeee1f
7ebdee18
7ebcee12
7ebbee0c
7ebbee06
7ebaedff
7eb9edf9
7eb8edf3
7eb7eded
7eb6ede7
7eb5ede0
7eb4edda
7eb4edd4
7eb3edce
7eb2edc7
7eb1edc1
7eb0edbb
7eafedb5
7eaeedaf
7eadeda8
7eaceda2
7eabed9c
7eabed96
7eaaed8f
7ea9ed89
7ea8ed83
7ea7ed7d
7ea6ed77
7ea5ed70
7ea4ed6a
7ea3ed64
7ea2ed5e
7ea1ed58
7ea1ed51
7ea0ed4b
7e9fed45
7e9eed3f
7e9ded38
7e9ced32
7e9bed2c
7e9aed26
7e99ed20
7e98ed19
7e97ed13
7e96ed0d
7e95ed07
7e94ed01
7e94ecfa
7e93ecf4
7e92ecee
7e91ece8
7e90ece1
7e8fecdb
7e8eecd5
7e8deccf
7e8cecc9
7e8becc2
7e8aecbc
7e89ecb6
7e88ecb0
7e87ecaa
7e86eca3
7e85ec9d
7e84ec97
7e84ec91
7e83ec8a
7e82ec84
7e81ec7e
7e80ec78
7e7fec72
7e7eec6b
7e7dec65
7e7cec5f
7e7bec59
7e7aec53
7e79ec4c
7e78ec46
7e77ec40
7e76ec3a
7e75ec34
7e74ec2d
7e73ec27
7e72ec21
7e71ec1b
7e70ec15
7e6fec0e
7e6eec08
7e6dec02
7e6cebfc
7e6bebf5
7e6aebef
7e69ebe9
7e68ebe3
7e67ebdd
7e66ebd6
7e65ebd0
7e64ebca
7e63ebc4
7e62ebbe
7e61ebb7
7e60ebb1
7e5febab
7e5eeba5
7e5deb9f
7e5ceb98
7e5beb92
7e5aeb8c
7e59eb86
7e58eb80
7e57eb79
7e56eb73
7e55eb6d
7e54eb67
7e53eb61
7e52eb5a
7e51eb54
7e50eb4e
7e4feb48
7e4eeb42
7e4deb3b
7e4ceb35
7e4beb2f
7e4aeb29
7e49eb23
7e48eb1c
7e47eb16
7e46eb10
7e45eb0a
7e44eb04
7e43eafd
7e42eaf7
7e41eaf1
7e40eaeb
7e3feae5
7e3eeade
7e3dead8
7e3cead2
7e3beacc
7e3aeac6
7e39eabf
7e38eab9
7e37eab3
7e35eaad
7e34eaa7
7e33eaa0
7e32ea9a
7e31ea94
7e30ea8e
7e2fea88
7e2eea81
7e2dea7b
7e2cea75
7e2bea6f
7e2aea69
7e29ea63
7e28ea5c
7e27ea56
7e26ea50
7e25ea4a
7e24ea44
7e22ea3d
7e21ea37
7e20ea31
7e1fea2b
7e1eea25
7e1dea1e
7e1cea18
7e1bea12
7e1aea0c
7e19ea06
7e18e9ff
7e17e9f9
7e16e9f3
7e14e9ed
7e13e9e7
7e12e9e1
7e11e9da
7e10e9d4
7e0fe9ce
7e0ee9c8
7e0de9c2
7e0ce9bb
7e0be9b5
7e0ae9af
7e08e9a9
7e07e9a3
7e06e99c
7e05e996
7e04e990
7e03e98a
7e02e984
7e01e97e
7e00e977
7dffe971
7dfde96b
7dfce965
7dfbe95f
7dfae958
7df9e952
7df8e94c
7df7e946
7df6e940
7df5e93a
7df3e933
7df2e92d
7df1e927
7df0e921
7defe91b
7deee914
7dede90e
7dece908
7deae902
7de9e8fc
7de8e8f6
7de7e8ef
7de6e8e9
7de5e8e3
7de4e8dd
7de2e8d7
7de1e8d0
7de0e8ca
7ddfe8c4
7ddee8be
7ddde8b8
7ddce8b2
7ddae8ab
7dd9e8a5
7dd8e89f
7dd7e899
7dd6e893
7dd5e88c
7dd4e886
7dd2e880
7dd1e87a
7dd0e874
7dcfe86e
7dcee867
7dcde861
7dcce85b
7dcae855
7dc9e84f
7dc8e849
7dc7e842
7dc6e83c
7dc5e836
7dc3e830
7dc2e82a
7dc1e823
7dc0e81d
7dbfe817
7dbde811
7dbce80b
7dbbe805
7dbae7fe
7db9e7f8
7db8e7f2
7db6e7ec
7db5e7e6
7db4e7e0
7db3e7d9
7db2e7d3
7db0e7cd
7dafe7c7
7daee7c1
7dade7bb
7dace7b4
7dabe7ae
7da9e7a8
7da8e7a2
7da7e79c
7da6e796
7da5e78f
7da3e789
7da2e783
7da1e77d
7da0e777
7d9fe771
7d9de76a
7d9ce764
7d9be75e
7d9ae758
7d98e752
7d97e74c
7d96e745
7d95e73f
7d94e739
7d92e733
7d91e72d
7d90e727
7d8fe720
7d8ee71a
7d8ce714
7d8be70e
7d8ae708
7d89e702
7d87e6fb
7d86e6f5
7d85e6ef
7d84e6e9
7d82e6e3
7d81e6dd
7d80e6d6
7d7fe6d0
7d7ee6ca
7d7ce6c4
7d7be6be
7d7ae6b8
7d79e6b2
7d77e6ab
7d76e6a5
7d75e69f
7d74e699
7d72e693
7d71e68d
7d70e686
7d6fe680
7d6de67a
7d6ce674
7d6be66e
7d6ae668
7d68e661
7d67e65b
7d66e655
7d65e64f
7d63e649
7d62e643
7d61e63d
7d60e636
7d5ee630
7d5de62a
7d5ce624
7d5ae61e
7d59e618
7d58e611
7d57e60b
7d55e605
7d54e5ff
7d53e5f9
7d52e5f3
7d50e5ed
7d4fe5e6
7d4ee5e0
7d4ce5da
7d4be5d4
7d4ae5ce
7d49e5c8
7d47e5c2
7d46e5bb
7d45e5b5
7d43e5af
7d42e5a9
7d41e5a3
7d3fe59d
7d3ee596
7d3de590
7d3ce58a
7d3ae584
7d39e57e
7d38e578
7d36e572
7d35e56b
7d34e565
7d32e55f
7d31e559
7d30e553
7d2fe54d
7d2de547
7d2ce540
7d2be53a
7d29e534
7d28e52e
7d27e528
7d25e522
7d24e51c
7d23e515
7d21e50f
7d20e509
7d1fe503
7d1de4fd
7d1ce4f7
7d1be4f1
7d19e4ea
7d18e4e4
7d17e4de
7d15e4d8
7d14e4d2
7d13e4cc
7d11e4c6
7d10e4bf
7d0fe4b9
7d0de4b3
7d0ce4ad
7d0be4a7
7d09e4a1
7d08e49b
7d07e494
7d05e48e
7d04e488
7d03e482
7d01e47c
7d00e476
7cffe470
7cfde46a
7cfce463
7cfbe45d
7cf9e457
7cf8e451
7cf6e44b
7cf5e445
7cf4e43f
7cf2e438
7cf1e432
7cf0e42c
7ceee426
7cede420
7cece41a
7ceae414
7ce9e40e
7ce7e407
7ce6e401
7ce5e3fb
7ce3e3f5
7ce2e3ef
7ce1e3e9
7cdfe3e3
7cdee3dc
7cdce3d6
7cdbe3d0
7cdae3ca
7cd8e3c4
7cd7e3be
7cd5e3b8
7cd4e3b2
7cd3e3ab
7cd1e3a5
7cd0e39f
7ccfe399
7ccde393
7ccce38d
7ccae387
7cc9e381
7cc8e37a
7cc6e374
7cc5e36e
7cc3e368
7cc2e362
7cc1e35c
7cbfe356
7cbee350
7cbce349
7cbbe343
7cb9e33d
7cb8e337
7cb7e331
7cb5e32b
7cb4e325
7cb2e31f
7cb1e318
7cb0e312
7caee30c
7cade306
7cabe300
7caae2fa
7ca8e2f4
7ca7e2ee
7ca6e2e8
7ca4e2e1
7ca3e2db
7ca1e2d5
7ca0e2cf
7c9ee2c9
7c9de2c3
7c9ce2bd
7c9ae2b7
7c99e2b0
7c97e2aa
7c96e2a4
7c94e29e
7c93e298
7c91e292
7c90e28c
7c8fe286
7c8de280
7c8ce279
7c8ae273
7c89e26d
7c87e267
7c86e261
7c84e25b
7c83e255
7c82e24f
7c80e249
7c7fe242
7c7de23c
7c7ce236
7c7ae230
7c79e22a
7c77e224
7c76e21e
7c74e218
7c73e212
7c71e20b
7c70e205
7c6ee1ff
7c6de1f9
7c6ce1f3
7c6ae1ed
7c69e1e7
7c67e1e1
7c66e1db
7c64e1d4
7c63e1ce
7c61e1c8
7c60e1c2
7c5ee1bc
7c5de1b6
7c5be1b0
7c5ae1aa
7c58e1a4
7c57e19e
7c55e197
7c54e191
7c52e18b
7c51e185
7c4fe17f
7c4ee179
7c4ce173
7c4be16d
7c49e167
7c48e160
7c46e15a
7c45e154
7c43e14e
7c42e148
7c40e142
7c3fe13c
7c3de136
7c3ce130
7c3ae12a
7c39e123
7c37e11d
7c36e117
7c34e111
7c33e10b
7c31e105
7c30e0ff
7c2ee0f9
7c2de0f3
7c2be0ed
7c29e0e7
7c28e0e0
7c26e0da
7c25e0d4
7c23e0ce
7c22e0c8
7c20e0c2
7c1fe0bc
7c1de0b6
7c1ce0b0
7c1ae0aa
7c19e0a3
7c17e09d
7c16e097
7c14e091
7c12e08b
7c11e085
7c0fe07f
7c0ee079
7c0ce073
7c0be06d
7c09e067
7c08e061
7c06e05a
7c05e054
7c03e04e
7c01e048
7c00e042
7bfee03c
7bfde036
7bfbe030
7bfae02a
7bf8e024
7bf6e01e
7bf5e017
7bf3e011
7bf2e00b
7bf0e005
7befdfff
7beddff9
7bebdff3
7beadfed
7be8dfe7
7be7dfe1
7be5dfdb
7be4dfd5
7be2dfce
7be0dfc8
7bdfdfc2
7bdddfbc
7bdcdfb6
7bdadfb0
7bd9dfaa
7bd7dfa4
7bd5df9e
7bd4df98
7bd2df92
7bd1df8c
7bcfdf86
7bcddf7f
7bccdf79
7bcadf73
7bc9df6d
7bc7df67
7bc5df61
7bc4df5b
7bc2df55
7bc1df4f
7bbfdf49
7bbddf43
7bbcdf3d
7bbadf37
7bb9df30
7bb7df2a
7bb5df24
7bb4df1e
7bb2df18
7bb0df12
7bafdf0c
7baddf06
7bacdf00
7baadefa
7ba8def4
7ba7deee
7ba5dee8
7ba4dee2
7ba2dedb
7ba0ded5
7b9fdecf
7b9ddec9
7b9bdec3
7b9adebd
7b98deb7
7b96deb1
7b95deab
7b93dea5
7b92de9f
7b90de99
7b8ede93
7b8dde8d
7b8bde87
7b89de80
7b88de7a
7b86de74
7b84de6e
7b83de68
7b81de62
7b7fde5c
7b7ede56
7b7cde50
7b7ade4a
7b79de44
7b77de3e
7b76de38
7b74de32
7b72de2c
7b71de26
7b6fde1f
7b6dde19
7b6cde13
7b6ade0d
7b68de07
7b67de01
7b65ddfb
7b63ddf5
7b62ddef
7b60dde9
7b5edde3
7b5ddddd
7b5bddd7
7b59ddd1
7b57ddcb
7b56ddc5
7b54ddbf
7b52ddb9
7b51ddb2
7b4fddac
7b4ddda6
7b4cdda0
7b4add9a
7b48dd94
7b47dd8e
7b45dd88
7b43dd82
7b42dd7c
7b40dd76
7b3edd70
7b3cdd6a
7b3bdd64
7b39dd5e
7b37dd58
7b36dd52
7b34dd4c
7b32dd46
7b31dd40
7b2fdd39
7b2ddd33
7b2bdd2d
7b2add27
7b28dd21
7b26dd1b
7b25dd15
7b23dd0f
7b21dd09
7b1fdd03
7b1edcfd
7b1cdcf7
7b1adcf1
7b19dceb
7b17dce5
7b15dcdf
7b13dcd9
7b12dcd3
7b10dccd
7b0edcc7
7b0cdcc1
7b0bdcbb
7b09dcb5
7b07dcae
7b06dca8
7b04dca2
7b02dc9c
7b00dc96
7affdc90
7afddc8a
7afbdc84
7af9dc7e
7af8dc78
7af6dc72
7af4dc6c
7af2dc66
7af1dc60
7aefdc5a
7aeddc54
7aebdc4e
7aeadc48
7ae8dc42
7ae6dc3c
7ae4dc36
7ae3dc30
7ae1dc2a
7adfdc24
7adddc1e
7adcdc18
7adadc12
7ad8dc0c
7ad6dc06
7ad5dbff
7ad3dbf9
7ad1dbf3
7acfdbed
7acddbe7
7accdbe1
7acadbdb
7ac8dbd5
7ac6dbcf
7ac5dbc9
7ac3dbc3
7ac1dbbd
7abfdbb7
7abddbb1
7abcdbab
7abadba5
7ab8db9f
7ab6db99
7ab5db93
7ab3db8d
7ab1db87
7aafdb81
7aaddb7b
7aacdb75
7aaadb6f
7aa8db69
7aa6db63
7aa4db5d
7aa3db57
7aa1db51
7a9fdb4b
7a9ddb45
7a9bdb3f
7a9adb39
7a98db33
7a96db2d
7a94db27
7a92db21
7a91db1b
7a8fdb15
7a8ddb0f
7a8bdb09
7a89db03
7a87dafd
7a86daf7
7a84daf1
7a82daea
7a80dae4
7a7edade
7a7ddad8
7a7bdad2
7a79dacc
7a77dac6
7a75dac0
7a73daba
7a72dab4
7a70daae
7a6edaa8
7a6cdaa2
7a6ada9c
7a68da96
7a67da90
7a65da8a
7a63da84
7a61da7e
7a5fda78
7a5dda72
7a5cda6c
7a5ada66
7a58da60
7a56da5a
7a54da54
7a52da4e
7a50da48
7a4fda42
7a4dda3c
7a4bda36
7a49da30
7a47da2a
7a45da24
7a43da1e
7a42da18
7a40da12
7a3eda0c
7a3cda06
7a3ada00
7a38d9fa
7a36d9f4
7a35d9ee
7a33d9e8
7a31d9e2
7a2fd9dc
7a2dd9d6
7a2bd9d0
7a29d9ca
7a27d9c4
7a26d9be
7a24d9b8
7a22d9b2
7a20d9ac
7a1ed9a6
7a1cd9a0
7a1ad99a
7a18d994
7a16d98e
7a15d988
7a13d982
7a11d97c
7a0fd976
7a0dd970
7a0bd96a
7a09d964
7a07d95e
7a05d958
7a04d952
7a02d94c
7a00d946
79fed940
79fcd93a
79fad934
79f8d92e
79f6d928
79f4d922
79f2d91c
79f0d917
79efd911
79edd90b
79ebd905
79e9d8ff
79e7d8f9
79e5d8f3
79e3d8ed
79e1d8e7
79dfd8e1
79ddd8db
79dbd8d5
79d9d8cf
79d8d8c9
79d6d8c3
79d4d8bd
79d2d8b7
79d0d8b1
79ced8ab
79ccd8a5
79cad89f
79c8d899
79c6d893
79c4d88d
79c2d887
79c0d881
79bed87b
79bcd875
79bbd86f
79b9d869
79b7d863
79b5d85d
79b3d857
79b1d851
79afd84b
79add845
79abd83f
79a9d839
79a7d833
79a5d82d
79a3d827
79a1d821
799fd81b
799dd815
799bd80f
7999d80a
7997d804
7995d7fe
7993d7f8
7992d7f2
7990d7ec
798ed7e6
798cd7e0
798ad7da
7988d7d4
7986d7ce
7984d7c8
7982d7c2
7980d7bc
797ed7b6
797cd7b0
797ad7aa
7978d7a4
7976d79e
7974d798
7972d792
7970d78c
796ed786
796cd780
796ad77a
7968d774
7966d76e
7964d768
7962d763
7960d75d
795ed757
795cd751
795ad74b
7958d745
7956d73f
7954d739
7952d733
7950d72d
794ed727
794cd721
794ad71b
7948d715
7946d70f
7944d709
7942d703
7940d6fd
793ed6f7
793cd6f1
793ad6eb
7938d6e5
7936d6e0
7934d6da
7932d6d4
7930d6ce
792ed6c8
792cd6c2
792ad6bc
7928d6b6
7926d6b0
7924d6aa
7922d6a4
7920d69e
791ed698
791cd692
7919d68c
7917d686
7915d680
7913d67a
7911d675
790fd66f
790dd669
790bd663
7909d65d
7907d657
7905d651
7903d64b
7901d645
78ffd63f
78fdd639
78fbd633
78f9d62d
78f7d627
78f5d621
78f3d61b
78f1d615
78eed610
78ecd60a
78ead604
78e8d5fe
78e6d5f8
78e4d5f2
78e2d5ec
78e0d5e6
78ded5e0
78dcd5da
78dad5d4
78d8d5ce
78d6d5c8
78d4d5c2
78d2d5bc
78cfd5b7
78cdd5b1
78cbd5ab
78c9d5a5
78c7d59f
78c5d599
78c3d593
78c1d58d
78bfd587
78bdd581
78bbd57b
78b9d575
78b6d56f
78b4d569
78b2d564
78b0d55e
78aed558
78acd552
78aad54c
78a8d546
78a6d540
78a4d53a
78a2d534
789fd52e
789dd528
789bd522
7899d51c
7897d517
7895d511
7893d50b
7891d505
788fd4ff
788cd4f9
788ad4f3
7888d4ed
7886d4e7
7884d4e1
7882d4db
7880d4d5
787ed4d0
787cd4ca
7879d4c4
7877d4be
7875d4b8
7873d4b2
7871d4ac
786fd4a6
786dd4a0
786bd49a
7868d494
7866d48f
7864d489
7862d483
7860d47d
785ed477
785cd471
7859d46b
7857d465
7855d45f
7853d459
7851d453
784fd44e
784dd448
784ad442
7848d43c
7846d436
7844d430
7842d42a
7840d424
783ed41e
783bd418
7839d412
7837d40d
7835d407
7833d401
7831d3fb
782ed3f5
782cd3ef
782ad3e9
7828d3e3
7826d3dd
7824d3d7
7821d3d2
781fd3cc
781dd3c6
781bd3c0
7819d3ba
7817d3b4
7814d3ae
7812d3a8
7810d3a2
780ed39d
780cd397
780ad391
7807d38b
7805d385
7803d37f
7801d379
77ffd373
77fcd36d
77fad368
77f8d362
77f6d35c
77f4d356
77f1d350
77efd34a
77edd344
77ebd33e
77e9d338
77e6d333
77e4d32d
77e2d327
77e0d321
77ded31b
77dbd315
77d9d30f
77d7d309
77d5d303
77d3d2fe
77d0d2f8
77ced2f2
77ccd2ec
77cad2e6
77c8d2e0
77c5d2da
77c3d2d4
77c1d2cf
77bfd2c9
77bcd2c3
77bad2bd
77b8d2b7
77b6d2b1
77b4d2ab
77b1d2a5
77afd2a0
77add29a
77abd294
77a8d28e
77a6d288
77a4d282
77a2d27c
77a0d276
779dd271
779bd26b
7799d265
7797d25f
7794d259
7792d253
7790d24d
778ed247
778bd242
7789d23c
7787d236
7785d230
7782d22a
7780d224
777ed21e
777cd219
7779d213
7777d20d
7775d207
7773d201
7770d1fb
776ed1f5
776cd1ef
776ad1ea
7767d1e4
7765d1de
7763d1d8
7760d1d2
775ed1cc
775cd1c6
775ad1c1
7757d1bb
7755d1b5
7753d1af
7751d1a9
774ed1a3
774cd19d
774ad198
7747d192
7745d18c
7743d186
7741d180
773ed17a
773cd174
773ad16f
7738d169
7735d163
7733d15d
7731d157
772ed151
772cd14b
772ad146
7727d140
7725d13a
7723d134
7721d12e
771ed128
771cd123
771ad11d
7717d117
7715d111
7713d10b
7710d105
770ed0ff
770cd0fa
770ad0f4
7707d0ee
7705d0e8
7703d0e2
7700d0dc
76fed0d7
76fcd0d1
76f9d0cb
76f7d0c5
76f5d0bf
76f2d0b9
76f0d0b4
76eed0ae
76ebd0a8
76e9d0a2
76e7d09c
76e4d096
76e2d091
76e0d08b
76ddd085
76dbd07f
76d9d079
76d6d073
76d4d06e
76d2d068
76cfd062
76cdd05c
76cbd056
76c8d050
76c6d04b
76c4d045
76c1d03f
76bfd039
76bdd033
76bad02d
76b8d028
76b6d022
76b3d01c
76b1d016
76afd010
76acd00a
76aad005
76a8cfff
76a5cff9
76a3cff3
76a0cfed
769ecfe7
769ccfe2
7699cfdc
7697cfd6
7695cfd0
7692cfca
7690cfc5
768ecfbf
768bcfb9
7689cfb3
7686cfad
7684cfa7
7682cfa2
767fcf9c
767dcf96
767bcf90
7678cf8a
7676cf85
7673cf7f
7671cf79
766fcf73
766ccf6d
766acf67
7668cf62
7665cf5c
7663cf56
7660cf50
765ecf4a
765ccf45
7659cf3f
7657cf39
7654cf33
7652cf2d
7650cf28
764dcf22
764bcf1c
7648cf16
7646cf10
7644cf0b
7641cf05
763fceff
763ccef9
763acef3
7638ceee
7635cee8
7633cee2
7630cedc
762eced6
762cced1
7629cecb
7627cec5
7624cebf
7622ceb9
761fceb4
761dceae
761bcea8
7618cea2
7616ce9c
7613ce97
7611ce91
760ece8b
760cce85
760ace7f
7607ce7a
7605ce74
7602ce6e
7600ce68
75fdce62
75fbce5d
75f9ce57
75f6ce51
75f4ce4b
75f1ce45
75efce40
75ecce3a
75eace34
75e7ce2e
75e5ce28
75e3ce23
75e0ce1d
75dece17
75dbce11
75d9ce0c
75d6ce06
75d4ce00
75d1cdfa
75cfcdf4
75cccdef
75cacde9
75c8cde3
75c5cddd
75c3cdd8
75c0cdd2
75becdcc
75bbcdc6
75b9cdc0
75b6cdbb
75b4cdb5
75b1cdaf
75afcda9
75accda3
75aacd9e
75a7cd98
75a5cd92
75a3cd8c
75a0cd87
759ecd81
759bcd7b
7599cd75
7596cd70
7594cd6a
7591cd64
758fcd5e
758ccd58
758acd53
7587cd4d
7585cd47
7582cd41
7580cd3c
757dcd36
757bcd30
7578cd2a
7576cd25
7573cd1f
7571cd19
756ecd13
756ccd0d
7569cd08
7567cd02
7564ccfc
7562ccf6
755fccf1
755dcceb
755acce5
7558ccdf
7555ccda
7553ccd4
7550ccce
754eccc8
754bccc3
7549ccbd
7546ccb7
7544ccb1
7541ccac
753fcca6
753ccca0
753acc9a
7537cc95
7535cc8f
7532cc89
752fcc83
752dcc7e
752acc78
7528cc72
7525cc6c
7523cc67
7520cc61
751ecc5b
751bcc55
7519cc50
7516cc4a
7514cc44
7511cc3e
750fcc39
750ccc33
7509cc2d
7507cc27
7504cc22
7502cc1c
74ffcc16
74fdcc10
74facc0b
74f8cc05
74f5cbff
74f2cbf9
74f0cbf4
74edcbee
74ebcbe8
74e8cbe2
74e6cbdd
74e3cbd7
74e1cbd1
74decbcb
74dbcbc6
74d9cbc0
74d6cbba
74d4cbb5
74d1cbaf
74cfcba9
74cccba3
74c9cb9e
74c7cb98
74c4cb92
74c2cb8c
74bfcb87
74bdcb81
74bacb7b
74b7cb75
74b5cb70
74b2cb6a
74b0cb64
74adcb5f
74abcb59
74a8cb53
74a5cb4d
74a3cb48
74a0cb42
749ecb3c
749bcb36
7498cb31
7496cb2b
7493cb25
7491cb20
748ecb1a
748bcb14
7489cb0e
7486cb09
7484cb03
7481cafd
747ecaf8
747ccaf2
7479caec
7477cae6
7474cae1
7471cadb
746fcad5
746ccad0
746acaca
7467cac4
7464cabe
7462cab9
745fcab3
745dcaad
745acaa8
7457caa2
7455ca9c
7452ca96
744fca91
744dca8b
744aca85
7448ca80
7445ca7a
7442ca74
7440ca6e
743dca69
743aca63
7438ca5d
7435ca58
7432ca52
7430ca4c
742dca46
742bca41
7428ca3b
7425ca35
7423ca30
7420ca2a
741dca24
741bca1f
7418ca19
7415ca13
7413ca0d
7410ca08
740dca02
740bc9fc
7408c9f7
7406c9f1
7403c9eb
7400c9e6
73fec9e0
73fbc9da
73f8c9d5
73f6c9cf
73f3c9c9
73f0c9c3
73eec9be
73ebc9b8
73e8c9b2
73e6c9ad
73e3c9a7
73e0c9a1
73dec99c
73dbc996
73d8c990
73d6c98b
73d3c985
73d0c97f
73cec97a
73cbc974
73c8c96e
73c6c968
73c3c963
73c0c95d
73bdc957
73bbc952
73b8c94c
73b5c946
73b3c941
73b0c93b
73adc935
73abc930
73a8c92a
73a5c924
73a3c91f
73a0c919
739dc913
739bc90e
7398c908
7395c902
7392c8fd
7390c8f7
738dc8f1
738ac8ec
7388c8e6
7385c8e0
7382c8db
737fc8d5
737dc8cf
737ac8ca
7377c8c4
7375c8be
7372c8b9
736fc8b3
736cc8ad
736ac8a8
7367c8a2
7364c89c
7362c897
735fc891
735cc88b
7359c886
7357c880
7354c87a
7351c875
734fc86f
734cc869
7349c864
7346c85e
7344c858
7341c853
733ec84d
733bc847
7339c842
7336c83c
7333c836
7330c831
732ec82b
732bc825
7328c820
7326c81a
7323c814
7320c80f
731dc809
731bc803
7318c7fe
7315c7f8
7312c7f3
7310c7ed
730dc7e7
730ac7e2
7307c7dc
7305c7d6
7302c7d1
72ffc7cb
72fcc7c5
72f9c7c0
72f7c7ba
72f4c7b4
72f1c7af
72eec7a9
72ecc7a3
72e9c79e
72e6c798
72e3c793
72e1c78d
72dec787
72dbc782
72d8c77c
72d5c776
72d3c771
72d0c76b
72cdc765
72cac760
72c8c75a
72c5c755
72c2c74f
72bfc749
72bcc744
72bac73e
72b7c738
72b4c733
72b1c72d
72afc728
72acc722
72a9c71c
72a6c717
72a3c711
72a1c70b
729ec706
729bc700
7298c6fa
7295c6f5
7293c6ef
7290c6ea
728dc6e4
728ac6de
7287c6d9
7285c6d3
7282c6ce
727fc6c8
727cc6c2
7279c6bd
7276c6b7
7274c6b1
7271c6ac
726ec6a6
726bc6a1
7268c69b
7266c695
7263c690
7260c68a
725dc684
725ac67f
7257c679
7255c674
7252c66e
724fc668
724cc663
7249c65d
7247c658
7244c652
7241c64c
723ec647
723bc641
7238c63c
7236c636
7233c630
7230c62b
722dc625
722ac620
7227c61a
7224c614
7222c60f
721fc609
721cc603
7219c5fe
7216c5f8
7213c5f3
7211c5ed
720ec5e7
720bc5e2
7208c5dc
7205c5d7
7202c5d1
71ffc5cc
71fdc5c6
71fac5c0
71f7c5bb
71f4c5b5
71f1c5b0
71eec5aa
71ebc5a4
71e9c59f
71e6c599
71e3c594
71e0c58e
71ddc588
71dac583
71d7c57d
71d4c578
71d2c572
71cfc56c
71ccc567
71c9c561
71c6c55c
71c3c556
71c0c551
71bdc54b
71bbc545
71b8c540
71b5c53a
71b2c535
71afc52f
71acc529
71a9c524
71a6c51e
71a3c519
71a1c513
719ec50e
719bc508
7198c502
7195c4fd
7192c4f7
718fc4f2
718cc4ec
7189c4e7
7186c4e1
7184c4db
7181c4d6
717ec4d0
717bc4cb
7178c4c5
7175c4c0
7172c4ba
716fc4b4
716cc4af
7169c4a9
7167c4a4
7164c49e
7161c499
715ec493
715bc48d
7158c488
7155c482
7152c47d
714fc477
714cc472
7149c46c
7146c467
7143c461
7141c45b
713ec456
713bc450
7138c44b
7135c445
7132c440
712fc43a
712cc434
7129c42f
7126c429
7123c424
7120c41e
711dc419
711ac413
7117c40e
7114c408
7112c403
710fc3fd
710cc3f7
7109c3f2
7106c3ec
7103c3e7
7100c3e1
70fdc3dc
70fac3d6
70f7c3d1
70f4c3cb
70f1c3c5
70eec3c0
70ebc3ba
70e8c3b5
70e5c3af
70e2c3aa
70dfc3a4
70dcc39f
70d9c399
70d6c394
70d3c38e
70d1c389
70cec383
70cbc37d
70c8c378
70c5c372
70c2c36d
70bfc367
70bcc362
70b9c35c
70b6c357
70b3c351
70b0c34c
70adc346
70aac341
70a7c33b
70a4c336
70a1c330
709ec32a
709bc325
7098c31f
7095c31a
7092c314
708fc30f
708cc309
7089c304
7086c2fe
7083c2f9
7080c2f3
707dc2ee
707ac2e8
7077c2e3
7074c2dd
7071c2d8
706ec2d2
706bc2cd
7068c2c7
7065c2c2
7062c2bc
705fc2b7
705cc2b1
7059c2ab
7056c2a6
7053c2a0
7050c29b
704dc295
704ac290
7047c28a
7044c285
7041c27f
703ec27a
703bc274
7038c26f
7035c269
7032c264
702fc25e
702cc259
7029c253
7026c24e
7023c248
7020c243
701dc23d
7019c238
7016c232
7013c22d
7010c227
700dc222
700ac21c
7007c217
7004c211
7001c20c
6ffec206
6ffbc201
6ff8c1fb
6ff5c1f6
6ff2c1f0
6fefc1eb
6fecc1e5
6fe9c1e0
6fe6c1da
6fe3c1d5
6fe0c1cf
6fddc1ca
6fdac1c4
6fd6c1bf
6fd3c1b9
6fd0c1b4
6fcdc1ae
6fcac1a9
6fc7c1a3
6fc4c19e
6fc1c198
6fbec193
6fbbc18d
6fb8c188
6fb5c183
6fb2c17d
6fafc178
6facc172
6fa9c16d
6fa5c167
6fa2c162
6f9fc15c
6f9cc157
6f99c151
6f96c14c
6f93c146
6f90c141
6f8dc13b
6f8ac136
6f87c130
6f84c12b
6f81c125
6f7dc120
6f7ac11a
6f77c115
6f74c10f
6f71c10a
6f6ec105
6f6bc0ff
6f68c0fa
6f65c0f4
6f62c0ef
6f5fc0e9
6f5bc0e4
6f58c0de
6f55c0d9
6f52c0d3
6f4fc0ce
6f4cc0c8
6f49c0c3
6f46c0bd
6f43c0b8
6f3fc0b3
6f3cc0ad
6f39c0a8
6f36c0a2
6f33c09d
6f30c097
6f2dc092
6f2ac08c
6f27c087
6f23c081
6f20c07c
6f1dc077
6f1ac071
6f17c06c
6f14c066
6f11c061
6f0ec05b
6f0bc056
6f07c050
6f04c04b
6f01c045
6efec040
6efbc03b
6ef8c035
6ef5c030
6ef1c02a
6eeec025
6eebc01f
6ee8c01a
6ee5c014
6ee2c00f
6edfc00a
6edcc004
6ed8bfff
6ed5bff9
6ed2bff4
6ecfbfee
6eccbfe9
6ec9bfe3
6ec6bfde
6ec2bfd9
6ebfbfd3
6ebcbfce
6eb9bfc8
6eb6bfc3
6eb3bfbd
6eafbfb8
6eacbfb3
6ea9bfad
6ea6bfa8
6ea3bfa2
6ea0bf9d
6e9cbf97
6e99bf92
6e96bf8d
6e93bf87
6e90bf82
6e8dbf7c
6e89bf77
6e86bf71
6e83bf6c
6e80bf67
6e7dbf61
6e7abf5c
6e76bf56
6e73bf51
6e70bf4b
6e6dbf46
6e6abf41
6e67bf3b
6e63bf36
6e60bf30
6e5dbf2b
6e5abf26
6e57bf20
6e53bf1b
6e50bf15
6e4dbf10
6e4abf0a
6e47bf05
6e44bf00
6e40befa
6e3dbef5
6e3abeef
6e37beea
6e34bee5
6e30bedf
6e2dbeda
6e2abed4
6e27becf
6e24beca
6e20bec4
6e1dbebf
6e1abeb9
6e17beb4
6e14beae
6e10bea9
6e0dbea4
6e0abe9e
6e07be99
6e04be93
6e00be8e
6dfdbe89
6dfabe83
6df7be7e
6df3be78
6df0be73
6dedbe6e
6deabe68
6de7be63
6de3be5e
6de0be58
6dddbe53
6ddabe4d
6dd6be48
6dd3be43
6dd0be3d
6dcdbe38
6dcabe32
6dc6be2d
6dc3be28
6dc0be22
6dbdbe1d
6db9be17
6db6be12
6db3be0d
6db0be07
6dacbe02
6da9bdfd
6da6bdf7
6da3bdf2
6d9fbdec
6d9cbde7
6d99bde2
6d96bddc
6d92bdd7
6d8fbdd1
6d8cbdcc
6d89bdc7
6d85bdc1
6d82bdbc
6d7fbdb7
6d7cbdb1
6d78bdac
6d75bda6
6d72bda1
6d6fbd9c
6d6bbd96
6d68bd91
6d65bd8c
6d62bd86
6d5ebd81
6d5bbd7c
6d58bd76
6d55bd71
6d51bd6b
6d4ebd66
6d4bbd61
6d48bd5b
6d44bd56
6d41bd51
6d3ebd4b
6d3abd46
6d37bd40
6d34bd3b
6d31bd36
6d2dbd30
6d2abd2b
6d27bd26
6d23bd20
6d20bd1b
6d1dbd16
6d1abd10
6d16bd0b
6d13bd06
6d10bd00
6d0cbcfb
6d09bcf5
6d06bcf0
6d03bceb
6cffbce5
6cfcbce0
6cf9bcdb
6cf5bcd5
6cf2bcd0
6cefbccb
6cecbcc5
6ce8bcc0
6ce5bcbb
6ce2bcb5
6cdebcb0
6cdbbcab
6cd8bca5
6cd4bca0
6cd1bc9b
6ccebc95
6ccabc90
6cc7bc8b
6cc4bc85
6cc1bc80
6cbdbc7b
6cbabc75
6cb7bc70
6cb3bc6b
6cb0bc65
6cadbc60
6ca9bc5b
6ca6bc55
6ca3bc50
6c9fbc4b
6c9cbc45
6c99bc40
6c95bc3b
6c92bc35
6c8fbc30
6c8bbc2b
6c88bc25
6c85bc20
6c81bc1b
6c7ebc15
6c7bbc10
6c77bc0b
6c74bc05
6c71bc00
6c6dbbfb
6c6abbf5
6c67bbf0
6c63bbeb
6c60bbe5
6c5dbbe0
6c59bbdb
6c56bbd5
6c53bbd0
6c4fbbcb
6c4cbbc5
6c49bbc0
6c45bbbb
6c42bbb5
6c3fbbb0
6c3bbbab
6c38bba6
6c34bba0
6c31bb9b
6c2ebb96
6c2abb90
6c27bb8b
6c24bb86
6c20bb80
6c1dbb7b
6c1abb76
6c16bb70
6c13bb6b
6c0fbb66
6c0cbb61
6c09bb5b
6c05bb56
6c02bb51
6bffbb4b
6bfbbb46
6bf8bb41
6bf5bb3b
6bf1bb36
6beebb31
6beabb2c
6be7bb26
6be4bb21
6be0bb1c
6bddbb16
6bd9bb11
6bd6bb0c
6bd3bb06
6bcfbb01
6bccbafc
6bc9baf7
6bc5baf1
6bc2baec
6bbebae7
6bbbbae1
6bb8badc
6bb4bad7
6bb1bad2
6badbacc
6baabac7
6ba7bac2
6ba3babc
6ba0bab7
6b9cbab2
6b99baad
6b96baa7
6b92baa2
6b8fba9d
6b8bba97
6b88ba92
6b85ba8d
6b81ba88
6b7eba82
6b7aba7d
6b77ba78
6b73ba73
6b70ba6d
6b6dba68
6b69ba63
6b66ba5d
6b62ba58
6b5fba53
6b5cba4e
6b58ba48
6b55ba43
6b51ba3e
6b4eba39
6b4aba33
6b47ba2e
6b44ba29
6b40ba23
6b3dba1e
6b39ba19
6b36ba14
6b32ba0e
6b2fba09
6b2cba04
6b28b9ff
6b25b9f9
6b21b9f4
6b1eb9ef
6b1ab9ea
6b17b9e4
6b13b9df
6b10b9da
6b0db9d5
6b09b9cf
6b06b9ca
6b02b9c5
6affb9c0
6afbb9ba
6af8b9b5
6af4b9b0
6af1b9ab
6aeeb9a5
6aeab9a0
6ae7b99b
6ae3b996
6ae0b990
6adcb98b
6ad9b986
6ad5b981
6ad2b97b
6aceb976
6acbb971
6ac8b96c
6ac4b966
6ac1b961
6abdb95c
6abab957
6ab6b951
6ab3b94c
6aafb947
6aacb942
6aa8b93c
6aa5b937
6aa1b932
6a9eb92d
6a9ab928
6a97b922
6a93b91d
6a90b918
6a8cb913
6a89b90d
6a86b908
6a82b903
6a7fb8fe
6a7bb8f8
6a78b8f3
6a74b8ee
6a71b8e9
6a6db8e4
6a6ab8de
6a66b8d9
6a63b8d4
6a5fb8cf
6a5cb8c9
6a58b8c4
6a55b8bf
6a51b8ba
6a4eb8b5
6a4ab8af
6a47b8aa
6a43b8a5
6a40b8a0
6a3cb89a
6a39b895
6a35b890
6a32b88b
6a2eb886
6a2bb880
6a27b87b
6a24b876
6a20b871
6a1db86c
6a19b866
6a16b861
6a12b85c
6a0eb857
6a0bb852
6a07b84c
6a04b847
6a00b842
69fdb83d
69f9b838
69f6b832
69f2b82d
69efb828
69ebb823
69e8b81e
69e4b818
69e1b813
69ddb80e
69dab809
69d6b804
69d3b7fe
69cfb7f9
69cbb7f4
69c8b7ef
69c4b7ea
69c1b7e4
69bdb7df
69bab7da
69b6b7d5
69b3b7d0
69afb7ca
69acb7c5
69a8b7c0
69a5b7bb
69a1b7b6
699db7b1
699ab7ab
6996b7a6
6993b7a1
698fb79c
698cb797
6988b791
6985b78c
6981b787
697db782
697ab77d
6976b778
6973b772
696fb76d
696cb768
6968b763
6964b75e
6961b758
695db753
695ab74e
6956b749
6953b744
694fb73f
694bb739
6948b734
6944b72f
6941b72a
693db725
693ab720
6936b71a
6932b715
692fb710
692bb70b
6928b706
6924b701
6921b6fb
691db6f6
6919b6f1
6916b6ec
6912b6e7
690fb6e2
690bb6dd
6907b6d7
6904b6d2
6900b6cd
68fdb6c8
68f9b6c3
68f5b6be
68f2b6b8
68eeb6b3
68ebb6ae
68e7b6a9
68e3b6a4
68e0b69f
68dcb69a
68d9b694
68d5b68f
68d1b68a
68ceb685
68cab680
68c7b67b
68c3b676
68bfb670
68bcb66b
68b8b666
68b5b661
68b1b65c
68adb657
68aab652
68a6b64c
68a3b647
689fb642
689bb63d
6898b638
6894b633
6890b62e
688db628
6889b623
6886b61e
6882b619
687eb614
687bb60f
6877b60a
6873b605
6870b5ff
686cb5fa
6868b5f5
6865b5f0
6861b5eb
685eb5e6
685ab5e1
6856b5dc
6853b5d6
684fb5d1
684bb5cc
6848b5c7
6844b5c2
6840b5bd
683db5b8
6839b5b3
6835b5ae
6832b5a8
682eb5a3
682bb59e
6827b599
6823b594
6820b58f
681cb58a
6818b585
6815b57f
6811b57a
680db575
680ab570
6806b56b
6802b566
67ffb561
67fbb55c
67f7b557
67f4b552
67f0b54c
67ecb547
67e9b542
67e5b53d
67e1b538
67deb533
67dab52e
67d6b529
67d3b524
67cfb51f
67cbb519
67c8b514
67c4b50f
67c0b50a
67bdb505
67b9b500
67b5b4fb
67b2b4f6
67aeb4f1
67aab4ec
67a6b4e7
67a3b4e1
679fb4dc
679bb4d7
6798b4d2
6794b4cd
6790b4c8
678db4c3
6789b4be
6785b4b9
6782b4b4
677eb4af
677ab4aa
6776b4a4
6773b49f
676fb49a
676bb495
6768b490
6764b48b
6760b486
675db481
6759b47c
6755b477
6751b472
674eb46d
674ab468
6746b462
6743b45d
673fb458
673bb453
6737b44e
6734b449
6730b444
672cb43f
6729b43a
6725b435
6721b430
671db42b
671ab426
6716b421
6712b41c
670eb417
670bb411
6707b40c
6703b407
6700b402
66fcb3fd
66f8b3f8
66f4b3f3
66f1b3ee
66edb3e9
66e9b3e4
66e5b3df
66e2b3da
66deb3d5
66dab3d0
66d6b3cb
66d3b3c6
66cfb3c1
66cbb3bc
66c8b3b7
66c4b3b1
66c0b3ac
66bcb3a7
66b9b3a2
66b5b39d
66b1b398
66adb393
66aab38e
66a6b389
66a2b384
669eb37f
669bb37a
6697b375
6693b370
668fb36b
668bb366
6688b361
6684b35c
6680b357
667cb352
6679b34d
6675b348
6671b343
666db33e
666ab339
6666b334
6662b32f
665eb32a
665bb325
6657b31f
6653b31a
664fb315
664bb310
6648b30b
6644b306
6640b301
663cb2fc
6639b2f7
6635b2f2
6631b2ed
662db2e8
6629b2e3
6626b2de
6622b2d9
661eb2d4
661ab2cf
6616b2ca
6613b2c5
660fb2c0
660bb2bb
6607b2b6
6603b2b1
6600b2ac
65fcb2a7
65f8b2a2
65f4b29d
65f0b298
65edb293
65e9b28e
65e5b289
65e1b284
65ddb27f
65dab27a
65d6b275
65d2b270
65ceb26b
65cab266
65c7b261
65c3b25c
65bfb257
65bbb252
65b7b24d
65b4b248
65b0b243
65acb23e
65a8b239
65a4b234
65a0b22f
659db22a
6599b225
6595b220
6591b21b
658db216
658ab211
6586b20c
6582b207
657eb202
657ab1fd
6576b1f8
6573b1f3
656fb1ee
656bb1e9
6567b1e4
6563b1df
655fb1da
655cb1d6
6558b1d1
6554b1cc
6550b1c7
654cb1c2
6548b1bd
6545b1b8
6541b1b3
653db1ae
6539b1a9
6535b1a4
6531b19f
652db19a
652ab195
6526b190
6522b18b
651eb186
651ab181
6516b17c
6513b177
650fb172
650bb16d
6507b168
6503b163
64ffb15e
64fbb159
64f7b154
64f4b14f
64f0b14a
64ecb146
64e8b141
64e4b13c
64e0b137
64dcb132
64d9b12d
64d5b128
64d1b123
64cdb11e
64c9b119
64c5b114
64c1b10f
64bdb10a
64bab105
64b6b100
64b2b0fb
64aeb0f6
64aab0f1
64a6b0ec
64a2b0e8
649eb0e3
649bb0de
6497b0d9
6493b0d4
648fb0cf
648bb0ca
6487b0c5
6483b0c0
647fb0bb
647bb0b6
6478b0b1
6474b0ac
6470b0a7
646cb0a2
6468b09e
6464b099
6460b094
645cb08f
6458b08a
6454b085
6451b080
644db07b
6449b076
6445b071
6441b06c
643db067
6439b062
6435b05e
6431b059
642db054
6429b04f
6426b04a
6422b045
641eb040
641ab03b
6416b036
6412b031
640eb02c
640ab027
6406b023
6402b01e
63feb019
63fab014
63f7b00f
63f3b00a
63efb005
63ebb000
63e7affb
63e3aff6
63dfaff1
63dbafed
63d7afe8
63d3afe3
63cfafde
63cbafd9
63c7afd4
63c3afcf
63c0afca
63bcafc5
63b8afc0
63b4afbc
63b0afb7
63acafb2
63a8afad
63a4afa8
63a0afa3
639caf9e
6398af99
6394af94
6390af90
638caf8b
6388af86
6384af81
6380af7c
637caf77
6378af72
6375af6d
6371af69
636daf64
6369af5f
6365af5a
6361af55
635daf50
6359af4b
6355af46
6351af41
634daf3d
6349af38
6345af33
6341af2e
633daf29
6339af24
6335af1f
6331af1b
632daf16
6329af11
6325af0c
6321af07
631daf02
6319aefd
6315aef8
6311aef4
630daeef
6309aeea
6305aee5
6301aee0
62fdaedb
62f9aed6
62f5aed2
62f2aecd
62eeaec8
62eaaec3
62e6aebe
62e2aeb9
62deaeb4
62daaeb0
62d6aeab
62d2aea6
62ceaea1
62caae9c
62c6ae97
62c2ae92
62beae8e
62baae89
62b6ae84
62b2ae7f
62aeae7a
62aaae75
62a6ae71
62a2ae6c
629eae67
629aae62
6296ae5d
6292ae58
628eae54
628aae4f
6286ae4a
6282ae45
627eae40
627aae3b
6275ae37
6271ae32
626dae2d
6269ae28
6265ae23
6261ae1e
625dae1a
6259ae15
6255ae10
6251ae0b
624dae06
6249ae01
6245adfd
6241adf8
623dadf3
6239adee
6235ade9
6231ade4
622dade0
6229addb
6225add6
6221add1
621dadcc
6219adc8
6215adc3
6211adbe
620dadb9
6209adb4
6205adaf
6201adab
61fdada6
61f9ada1
61f5ad9c
61f1ad97
61ecad93
61e8ad8e
61e4ad89
61e0ad84
61dcad7f
61d8ad7b
61d4ad76
61d0ad71
61ccad6c
61c8ad67
61c4ad63
61c0ad5e
61bcad59
61b8ad54
61b4ad4f
61b0ad4b
61acad46
61a8ad41
61a3ad3c
619fad37
619bad33
6197ad2e
6193ad29
618fad24
618bad1f
6187ad1b
6183ad16
617fad11
617bad0c
6177ad08
6173ad03
616facfe
616bacf9
6166acf4
6162acf0
615eaceb
615aace6
6156ace1
6152acdd
614eacd8
614aacd3
6146acce
6142acc9
613eacc5
613aacc0
6135acbb
6131acb6
612dacb2
6129acad
6125aca8
6121aca3
611dac9e
6119ac9a
6115ac95
6111ac90
610dac8b
6108ac87
6104ac82
6100ac7d
60fcac78
60f8ac74
60f4ac6f
60f0ac6a
60ecac65
60e8ac61
60e4ac5c
60dfac57
60dbac52
60d7ac4e
60d3ac49
60cfac44
60cbac3f
60c7ac3b
60c3ac36
60bfac31
60baac2c
60b6ac28
60b2ac23
60aeac1e
60aaac19
60a6ac15
60a2ac10
609eac0b
6099ac06
6095ac02
6091abfd
608dabf8
6089abf3
6085abef
6081abea
607dabe5
6078abe0
6074abdc
6070abd7
606cabd2
6068abcd
6064abc9
6060abc4
605cabbf
6057abbb
6053abb6
604fabb1
604babac
6047aba8
6043aba3
603fab9e
603aab99
6036ab95
6032ab90
602eab8b
602aab87
6026ab82
6022ab7d
601dab78
6019ab74
6015ab6f
6011ab6a
600dab66
6009ab61
6004ab5c
6000ab57
5ffcab53
5ff8ab4e
5ff4ab49
5ff0ab45
5fecab40
5fe7ab3b
5fe3ab36
5fdfab32
5fdbab2d
5fd7ab28
5fd3ab24
5fceab1f
5fcaab1a
5fc6ab16
5fc2ab11
5fbeab0c
5fbaab07
5fb5ab03
5fb1aafe
5fadaaf9
5fa9aaf5
5fa5aaf0
5fa0aaeb
5f9caae7
5f98aae2
5f94aadd
5f90aad8
5f8caad4
5f87aacf
5f83aaca
5f7faac6
5f7baac1
5f77aabc
5f72aab8
5f6eaab3
5f6aaaae
5f66aaaa
5f62aaa5
5f5eaaa0
5f59aa9c
5f55aa97
5f51aa92
5f4daa8e
5f49aa89
5f44aa84
5f40aa7f
5f3caa7b
5f38aa76
5f34aa71
5f2faa6d
5f2baa68
5f27aa63
5f23aa5f
5f1faa5a
5f1aaa55
5f16aa51
5f12aa4c
5f0eaa47
5f0aaa43
5f05aa3e
5f01aa39
5efdaa35
5ef9aa30
5ef5aa2b
5ef0aa27
5eecaa22
5ee8aa1d
5ee4aa19
5edfaa14
5edbaa10
5ed7aa0b
5ed3aa06
5ecfaa02
5ecaa9fd
5ec6a9f8
5ec2a9f4
5ebea9ef
5eb9a9ea
5eb5a9e6
5eb1a9e1
5eada9dc
5ea9a9d8
5ea4a9d3
5ea0a9ce
5e9ca9ca
5e98a9c5
5e93a9c0
5e8fa9bc
5e8ba9b7
5e87a9b3
5e82a9ae
5e7ea9a9
5e7aa9a5
5e76a9a0
5e71a99b
5e6da997
5e69a992
5e65a98d
5e60a989
5e5ca984
5e58a980
5e54a97b
5e50a976
5e4ba972
5e47a96d
5e43a968
5e3fa964
5e3aa95f
5e36a95b
5e32a956
5e2da951
5e29a94d
5e25a948
5e21a943
5e1ca93f
5e18a93a
5e14a936
5e10a931
5e0ba92c
5e07a928
5e03a923
5dffa91e
5dfaa91a
5df6a915
5df2a911
5deea90c
5de9a907
5de5a903
5de1a8fe
5ddca8fa
5dd8a8f5
5dd4a8f0
5dd0a8ec
5dcba8e7
5dc7a8e3
5dc3a8de
5dbfa8d9
5dbaa8d5
5db6a8d0
5db2a8cc
5dada8c7
5da9a8c2
5da5a8be
5da1a8b9
5d9ca8b5
5d98a8b0
5d94a8ab
5d8fa8a7
5d8ba8a2
5d87a89e
5d83a899
5d7ea894
5d7aa890
5d76a88b
5d71a887
5d6da882
5d69a87d
5d65a879
5d60a874
5d5ca870
5d58a86b
5d53a867
5d4fa862
5d4ba85d
5d46a859
5d42a854
5d3ea850
5d3aa84b
5d35a847
5d31a842
5d2da83d
5d28a839
5d24a834
5d20a830
5d1ba82b
5d17a827
5d13a822
5d0ea81d
5d0aa819
5d06a814
5d01a810
5cfda80b
5cf9a807
5cf5a802
5cf0a7fd
5ceca7f9
5ce8a7f4
5ce3a7f0
5cdfa7eb
5cdba7e7
5cd6a7e2
5cd2a7de
5ccea7d9
5cc9a7d4
5cc5a7d0
5cc1a7cb
5cbca7c7
5cb8a7c2
5cb4a7be
5cafa7b9
5caba7b5
5ca7a7b0
5ca2a7ab
5c9ea7a7
5c9aa7a2
5c95a79e
5c91a799
5c8da795
5c88a790
5c84a78c
5c80a787
5c7ba783
5c77a77e
5c73a779
5c6ea775
5c6aa770
5c66a76c
5c61a767
5c5da763
5c58a75e
5c54a75a
5c50a755
5c4ba751
5c47a74c
5c43a748
5c3ea743
5c3aa73f
5c36a73a
5c31a735
5c2da731
5c29a72c
5c24a728
5c20a723
5c1ba71f
5c17a71a
5c13a716
5c0ea711
5c0aa70d
5c06a708
5c01a704
5bfda6ff
5bf9a6fb
5bf4a6f6
5bf0a6f2
5beba6ed
5be7a6e9
5be3a6e4
5bdea6e0
5bdaa6db
5bd6a6d7
5bd1a6d2
5bcda6ce
5bc8a6c9
5bc4a6c5
5bc0a6c0
5bbba6bc
5bb7a6b7
5bb2a6b3
5baea6ae
5baaa6aa
5ba5a6a5
5ba1a6a1
5b9da69c
5b98a698
5b94a693
5b8fa68f
5b8ba68a
5b87a686
5b82a681
5b7ea67d
5b79a678
5b75a674
5b71a66f
5b6ca66b
5b68a666
5b63a662
5b5fa65d
5b5ba659
5b56a654
5b52a650
5b4da64b
5b49a647
5b45a642
5b40a63e
5b3ca639
5b37a635
5b33a630
5b2fa62c
5b2aa627
5b26a623
5b21a61f
5b1da61a
5b19a616
5b14a611
5b10a60d
5b0ba608
5b07a604
5b02a5ff
5afea5fb
5afaa5f6
5af5a5f2
5af1a5ed
5aeca5e9
5ae8a5e4
5ae4a5e0
5adfa5dc
5adba5d7
5ad6a5d3
5ad2a5ce
5acda5ca
5ac9a5c5
5ac5a5c1
5ac0a5bc
5abca5b8
5ab7a5b3
5ab3a5af
5aaea5aa
5aaaa5a6
5aa5a5a2
5aa1a59d
5a9da599
5a98a594
5a94a590
5a8fa58b
5a8ba587
5a86a582
5a82a57e
5a7ea57a
5a79a575
5a75a571
5a70a56c
5a6ca568
5a67a563
5a63a55f
5a5ea55b
5a5aa556
5a56a552
5a51a54d
5a4da549
5a48a544
5a44a540
5a3fa53b
5a3ba537
5a36a533
5a32a52e
5a2da52a
5a29a525
5a24a521
5a20a51c
5a1ca518
5a17a514
5a13a50f
5a0ea50b
5a0aa506
5a05a502
5a01a4fe
59fca4f9
59f8a4f5
59f3a4f0
59efa4ec
59eaa4e7
59e6a4e3
59e1a4df
59dda4da
59d9a4d6
59d4a4d1
59d0a4cd
59cba4c9
59c7a4c4
59c2a4c0
59bea4bb
59b9a4b7
59b5a4b3
59b0a4ae
59aca4aa
59a7a4a5
59a3a4a1
599ea49d
599aa498
5995a494
5991a48f
598ca48b
5988a487
5983a482
597fa47e
597aa479
5976a475
5971a471
596da46c
5968a468
5964a463
595fa45f
595ba45b
5956a456
5952a452
594da44e
5949a449
5944a445
5940a440
593ba43c
5937a438
5932a433
592ea42f
5929a42a
5925a426
5920a422
591ca41d
5917a419
5913a415
590ea410
590aa40c
5905a407
5901a403
58fca3ff
58f8a3fa
58f3a3f6
58efa3f2
58eaa3ed
58e6a3e9
58e1a3e5
58dda3e0
58d8a3dc
58d4a3d7
58cfa3d3
58cba3cf
58c6a3ca
58c1a3c6
58bda3c2
58b8a3bd
58b4a3b9
58afa3b5
58aba3b0
58a6a3ac
58a2a3a8
589da3a3
5899a39f
5894a39a
5890a396
588ba392
5887a38d
5882a389
587da385
5879a380
5874a37c
5870a378
586ba373
5867a36f
5862a36b
585ea366
5859a362
5855a35e
5850a359
584ba355
5847a351
5842a34c
583ea348
5839a344
5835a33f
5830a33b
582ca337
5827a332
5822a32e
581ea32a
5819a325
5815a321
5810a31d
580ca318
5807a314
5803a310
57fea30b
57f9a307
57f5a303
57f0a2ff
57eca2fa
57e7a2f6
57e3a2f2
57dea2ed
57d9a2e9
57d5a2e5
57d0a2e0
57cca2dc
57c7a2d8
57c3a2d3
57bea2cf
57b9a2cb
57b5a2c6
57b0a2c2
57aca2be
57a7a2ba
57a3a2b5
579ea2b1
5799a2ad
5795a2a8
5790a2a4
578ca2a0
5787a29b
5783a297
577ea293
5779a28f
5775a28a
5770a286
576ca282
5767a27d
5762a279
575ea275
5759a271
5755a26c
5750a268
574ba264
5747a25f
5742a25b
573ea257
5739a253
5734a24e
5730a24a
572ba246
5727a241
5722a23d
571da239
5719a235
5714a230
5710a22c
570ba228
5706a224
5702a21f
56fda21b
56f9a217
56f4a212
56efa20e
56eba20a
56e6a206
56e2a201
56dda1fd
56d8a1f9
56d4a1f5
56cfa1f0
56caa1ec
56c6a1e8
56c1a1e4
56bda1df
56b8a1db
56b3a1d7
56afa1d3
56aaa1ce
56a5a1ca
56a1a1c6
569ca1c1
5698a1bd
5693a1b9
568ea1b5
568aa1b0
5685a1ac
5680a1a8
567ca1a4
5677a1a0
5673a19b
566ea197
5669a193
5665a18f
5660a18a
565ba186
5657a182
5652a17e
564da179
5649a175
5644a171
5640a16d
563ba168
5636a164
5632a160
562da15c
5628a157
5624a153
561fa14f
561aa14b
5616a147
5611a142
560ca13e
5608a13a
5603a136
55fea131
55faa12d
55f5a129
55f0a125
55eca121
55e7a11c
55e3a118
55dea114
55d9a110
55d5a10b
55d0a107
55cba103
55c7a0ff
55c2a0fb
55bda0f6
55b9a0f2
55b4a0ee
55afa0ea
55aba0e6
55a6a0e1
55a1a0dd
559da0d9
5598a0d5
5593a0d1
558fa0cc
558aa0c8
5585a0c4
5581a0c0
557ca0bc
5577a0b7
5572a0b3
556ea0af
5569a0ab
5564a0a7
5560a0a2
555ba09e
5556a09a
5552a096
554da092
5548a08e
5544a089
553fa085
553aa081
5536a07d
5531a079
552ca074
5528a070
5523a06c
551ea068
5519a064
5515a060
5510a05b
550ba057
5507a053
5502a04f
54fda04b
54f9a046
54f4a042
54efa03e
54eaa03a
54e6a036
54e1a032
54dca02d
54d8a029
54d3a025
54cea021
54caa01d
54c5a019
54c0a014
54bba010
54b7a00c
54b2a008
54ada004
54a9a000
54a49ffc
549f9ff7
549a9ff3
54969fef
54919feb
548c9fe7
54889fe3
54839fde
547e9fda
54799fd6
54759fd2
54709fce
546b9fca
54679fc6
54629fc1
545d9fbd
54589fb9
54549fb5
544f9fb1
544a9fad
54459fa9
54419fa4
543c9fa0
54379f9c
54339f98
542e9f94
54299f90
54249f8c
54209f88
541b9f83
54169f7f
54119f7b
540d9f77
54089f73
54039f6f
53fe9f6b
53fa9f67
53f59f62
53f09f5e
53eb9f5a
53e79f56
53e29f52
53dd9f4e
53d89f4a
53d49f46
53cf9f41
53ca9f3d
53c59f39
53c19f35
53bc9f31
53b79f2d
53b29f29
53ae9f25
53a99f21
53a49f1c
539f9f18
539b9f14
53969f10
53919f0c
538c9f08
53889f04
53839f00
537e9efc
53799ef8
53759ef3
53709eef
536b9eeb
53669ee7
53629ee3
535d9edf
53589edb
53539ed7
534e9ed3
534a9ecf
53459ecb
53409ec6
533b9ec2
53379ebe
53329eba
532d9eb6
53289eb2
53239eae
531f9eaa
531a9ea6
53159ea2
53109e9e
530c9e9a
53079e95
53029e91
52fd9e8d
52f89e89
52f49e85
52ef9e81
52ea9e7d
52e59e79
52e19e75
52dc9e71
52d79e6d
52d29e69
52cd9e65
52c99e61
52c49e5d
52bf9e58
52ba9e54
52b59e50
52b19e4c
52ac9e48
52a79e44
52a29e40
529d9e3c
52999e38
52949e34
528f9e30
528a9e2c
52859e28
52819e24
527c9e20
52779e1c
52729e18
526d9e14
52699e0f
52649e0b
525f9e07
525a9e03
52559dff
52519dfb
524c9df7
52479df3
52429def
523d9deb
52389de7
52349de3
522f9ddf
522a9ddb
52259dd7
52209dd3
521c9dcf
52179dcb
52129dc7
520d9dc3
52089dbf
52039dbb
51ff9db7
51fa9db3
51f59daf
51f09dab
51eb9da7
51e69da3
51e29d9f
51dd9d9b
51d89d97
51d39d93
51ce9d8f
51c99d8b
51c59d86
51c09d82
51bb9d7e
51b69d7a
51b19d76
51ac9d72
51a89d6e
51a39d6a
519e9d66
51999d62
51949d5e
518f9d5a
518b9d56
51869d52
51819d4e
517c9d4a
51779d46
51729d42
516e9d3e
51699d3a
51649d36
515f9d32
515a9d2e
51559d2a
51509d26
514c9d22
51479d1e
51429d1a
513d9d16
51389d12
51339d0e
512e9d0b
512a9d07
51259d03
51209cff
511b9cfb
51169cf7
51119cf3
510c9cef
51089ceb
51039ce7
50fe9ce3
50f99cdf
50f49cdb
50ef9cd7
50ea9cd3
50e59ccf
50e19ccb
50dc9cc7
50d79cc3
50d29cbf
50cd9cbb
50c89cb7
50c39cb3
50bf9caf
50ba9cab
50b59ca7
50b09ca3
50ab9c9f
50a69c9b
50a19c97
509c9c93
50979c8f
50939c8b
508e9c88
50899c84
50849c80
507f9c7c
507a9c78
50759c74
50709c70
506c9c6c
50679c68
50629c64
505d9c60
50589c5c
50539c58
504e9c54
50499c50
50449c4c
50409c48
503b9c44
50369c40
50319c3d
502c9c39
50279c35
50229c31
501d9c2d
50189c29
50139c25
500f9c21
500a9c1d
50059c19
50009c15
4ffb9c11
4ff69c0d
4ff19c09
4fec9c06
4fe79c02
4fe29bfe
4fdd9bfa
4fd99bf6
4fd49bf2
4fcf9bee
4fca9bea
4fc59be6
4fc09be2
4fbb9bde
4fb69bda
4fb19bd7
4fac9bd3
4fa79bcf
4fa29bcb
4f9e9bc7
4f999bc3
4f949bbf
4f8f9bbb
4f8a9bb7
4f859bb3
4f809baf
4f7b9bac
4f769ba8
4f719ba4
4f6c9ba0
4f679b9c
4f629b98
4f5e9b94
4f599b90
4f549b8c
4f4f9b88
4f4a9b85
4f459b81
4f409b7d
4f3b9b79
4f369b75
4f319b71
4f2c9b6d
4f279b69
4f229b65
4f1d9b62
4f189b5e
4f149b5a
4f0f9b56
4f0a9b52
4f059b4e
4f009b4a
4efb9b46
4ef69b43
4ef19b3f
4eec9b3b
4ee79b37
4ee29b33
4edd9b2f
4ed89b2b
4ed39b27
4ece9b24
4ec99b20
4ec49b1c
4ebf9b18
4eba9b14
4eb69b10
4eb19b0c
4eac9b09
4ea79b05
4ea29b01
4e9d9afd
4e989af9
4e939af5
4e8e9af1
4e899aed
4e849aea
4e7f9ae6
4e7a9ae2
4e759ade
4e709ada
4e6b9ad6
4e669ad3
4e619acf
4e5c9acb
4e579ac7
4e529ac3
4e4d9abf
4e489abb
4e439ab8
4e3e9ab4
4e399ab0
4e349aac
4e2f9aa8
4e2a9aa4
4e269aa1
4e219a9d
4e1c9a99
4e179a95
4e129a91
4e0d9a8d
4e089a8a
4e039a86
4dfe9a82
4df99a7e
4df49a7a
4def9a76
4dea9a73
4de59a6f
4de09a6b
4ddb9a67
4dd69a63
4dd19a60
4dcc9a5c
4dc79a58
4dc29a54
4dbd9a50
4db89a4c
4db39a49
4dae9a45
4da99a41
4da49a3d
4d9f9a39
4d9a9a36
4d959a32
4d909a2e
4d8b9a2a
4d869a26
4d819a23
4d7c9a1f
4d779a1b
4d729a17
4d6d9a13
4d689a10
4d639a0c
4d5e9a08
4d599a04
4d549a00
4d4f99fd
4d4a99f9
4d4599f5
4d4099f1
4d3b99ed
4d3699ea
4d3199e6
4d2c99e2
4d2799de
4d2299da
4d1d99d7
4d1899d3
4d1399cf
4d0e99cb
4d0999c7
4d0499c4
4cff99c0
4cfa99bc
4cf599b8
4cf099b5
4ceb99b1
4ce699ad
4ce199a9
4cdb99a5
4cd699a2
4cd1999e
4ccc999a
4cc79996
4cc29993
4cbd998f
4cb8998b
4cb39987
4cae9984
4ca99980
4ca4997c
4c9f9978
4c9a9975
4c959971
4c90996d
4c8b9969
4c869965
4c819962
4c7c995e
4c77995a
4c729956
4c6d9953
4c68994f
4c63994b
4c5e9947
4c599944
4c549940
4c4f993c
4c499938
4c449935
4c3f9931
4c3a992d
4c35992a
4c309926
4c2b9922
4c26991e
4c21991b
4c1c9917
4c179913
4c12990f
4c0d990c
4c089908
4c039904
4bfe9900
4bf998fd
4bf498f9
4bef98f5
4be998f2
4be498ee
4bdf98ea
4bda98e6
4bd598e3
4bd098df
4bcb98db
4bc698d7
4bc198d4
4bbc98d0
4bb798cc
4bb298c9
4bad98c5
4ba898c1
4ba398bd
4b9e98ba
4b9898b6
4b9398b2
4b8e98af
4b8998ab
4b8498a7
4b7f98a3
4b7a98a0
4b75989c
4b709898
4b6b9895
4b669891
4b61988d
4b5c988a
4b569886
4b519882
4b4c987e
4b47987b
4b429877
4b3d9873
4b389870
4b33986c
4b2e9868
4b299865
4b249861
4b1f985d
4b19985a
4b149856
4b0f9852
4b0a984e
4b05984b
4b009847
4afb9843
4af69840
4af1983c
4aec9838
4ae79835
4ae19831
4adc982d
4ad7982a
4ad29826
4acd9822
4ac8981f
4ac3981b
4abe9817
4ab99814
4ab49810
4aae980c
4aa99809
4aa49805
4a9f9801
4a9a97fe
4a9597fa
4a9097f6
4a8b97f3
4a8697ef
4a8197eb
4a7b97e8
4a7697e4
4a7197e0
4a6c97dd
4a6797d9
4a6297d5
4a5d97d2
4a5897ce
4a5297cb
4a4d97c7
4a4897c3
4a4397c0
4a3e97bc
4a3997b8
4a3497b5
4a2f97b1
4a2a97ad
4a2497aa
4a1f97a6
4a1a97a2
4a15979f
4a10979b
4a0b9798
4a069794
4a019790
49fb978d
49f69789
49f19785
49ec9782
49e7977e
49e2977a
49dd9777
49d89773
49d29770
49cd976c
49c89768
49c39765
49be9761
49b9975d
49b4975a
49ae9756
49a99753
49a4974f
499f974b
499a9748
49959744
49909741
498a973d
49859739
49809736
497b9732
4976972f
4971972b
496c9727
49669724
49619720
495c971d
49579719
49529715
494d9712
4948970e
4942970b
493d9707
49389703
49339700
492e96fc
492996f9
492396f5
491e96f1
491996ee
491496ea
490f96e7
490a96e3
490596df
48ff96dc
48fa96d8
48f596d5
48f096d1
48eb96ce
48e696ca
48e096c6
48db96c3
48d696bf
48d196bc
48cc96b8
48c796b5
48c196b1
48bc96ad
48b796aa
48b296a6
48ad96a3
48a8969f
48a2969c
489d9698
48989694
48939691
488e968d
4888968a
48839686
487e9683
4879967f
4874967b
486f9678
48699674
48649671
485f966d
485a966a
48559666
484f9663
484a965f
4845965b
48409658
483b9654
48369651
4830964d
482b964a
48269646
48219643
481c963f
4816963c
48119638
480c9635
48079631
4802962d
47fc962a
47f79626
47f29623
47ed961f
47e8961c
47e29618
47dd9615
47d89611
47d3960e
47ce960a
47c89607
47c39603
47be9600
47b995fc
47b495f9
47ae95f5
47a995f2
47a495ee
479f95ea
479a95e7
479495e3
478f95e0
478a95dc
478595d9
478095d5
477a95d2
477595ce
477095cb
476b95c7
476695c4
476095c0
475b95bd
475695b9
475195b6
474b95b2
474695af
474195ab
473c95a8
473795a4
473195a1
472c959d
4727959a
47229596
471c9593
4717958f
4712958c
470d9588
47089585
47029581
46fd957e
46f8957a
46f39577
46ed9574
46e89570
46e3956d
46de9569
46d89566
46d39562
46ce955f
46c9955b
46c49558
46be9554
46b99551
46b4954d
46af954a
46a99546
46a49543
469f953f
469a953c
46949538
468f9535
468a9532
4685952e
467f952b
467a9527
46759524
46709520
466a951d
46659519
46609516
465b9512
4655950f
4650950c
464b9508
46469505
46409501
463b94fe
463694fa
463194f7
462b94f3
462694f0
462194ed
461c94e9
461694e6
461194e2
460c94df
460794db
460194d8
45fc94d4
45f794d1
45f294ce
45ec94ca
45e794c7
45e294c3
45dd94c0
45d794bc
45d294b9
45cd94b6
45c794b2
45c294af
45bd94ab
45b894a8
45b294a4
45ad94a1
45a8949e
45a3949a
459d9497
45989493
45939490
458d948d
45889489
45839486
457e9482
4578947f
4573947b
456e9478
45699475
45639471
455e946e
4559946a
45539467
454e9464
45499460
4544945d
453e9459
45399456
45349453
452e944f
4529944c
45249448
451f9445
45199442
4514943e
450f943b
45099437
45049434
44ff9431
44fa942d
44f4942a
44ef9427
44ea9423
44e49420
44df941c
44da9419
44d49416
44cf9412
44ca940f
44c5940b
44bf9408
44ba9405
44b59401
44af93fe
44aa93fb
44a593f7
449f93f4
449a93f1
449593ed
449093ea
448a93e6
448593e3
448093e0
447a93dc
447593d9
447093d6
446a93d2
446593cf
446093cc
445a93c8
445593c5
445093c1
444b93be
444593bb
444093b7
443b93b4
443593b1
443093ad
442b93aa
442593a7
442093a3
441b93a0
4415939d
44109399
440b9396
44059393
4400938f
43fb938c
43f59389
43f09385
43eb9382
43e5937f
43e0937b
43db9378
43d59375
43d09371
43cb936e
43c5936b
43c09367
43bb9364
43b59361
43b0935d
43ab935a
43a59357
43a09353
439b9350
4395934d
43909349
438b9346
43859343
4380933f
437b933c
43759339
43709336
436b9332
4365932f
4360932c
435b9328
43559325
43509322
434b931e
4345931b
43409318
433b9314
43359311
4330930e
432b930b
43259307
43209304
431b9301
431592fd
431092fa
430b92f7
430592f4
430092f0
42fa92ed
42f592ea
42f092e6
42ea92e3
42e592e0
42e092dd
42da92d9
42d592d6
42d092d3
42ca92cf
42c592cc
42c092c9
42ba92c6
42b592c2
42af92bf
42aa92bc
42a592b8
429f92b5
429a92b2
429592af
428f92ab
428a92a8
428492a5
427f92a2
427a929e
4274929b
426f9298
426a9295
42649291
425f928e
425a928b
42549288
424f9284
42499281
4244927e
423f927b
42399277
42349274
422f9271
4229926e
4224926a
421e9267
42199264
42149261
420e925d
4209925a
42039257
41fe9254
41f99250
41f3924d
41ee924a
41e99247
41e39243
41de9240
41d8923d
41d3923a
41ce9236
41c89233
41c39230
41bd922d
41b8922a
41b39226
41ad9223
41a89220
41a2921d
419d9219
41989216
41929213
418d9210
4188920d
41829209
417d9206
41779203
41729200
416d91fc
416791f9
416291f6
415c91f3
415791f0
415291ec
414c91e9
414791e6
414191e3
413c91e0
413691dc
413191d9
412c91d6
412691d3
412191d0
411b91cc
411691c9
411191c6
410b91c3
410691c0
410091bc
40fb91b9
40f691b6
40f091b3
40eb91b0
40e591ad
40e091a9
40da91a6
40d591a3
40d091a0
40ca919d
40c59199
40bf9196
40ba9193
40b59190
40af918d
40aa918a
40a49186
409f9183
40999180
4094917d
408f917a
40899177
40849173
407e9170
4079916d
4073916a
406e9167
40699164
40639160
405e915d
4058915a
40539157
404d9154
40489151
4043914d
403d914a
40389147
40329144
402d9141
4027913e
4022913a
401d9137
40179134
40129131
400c912e
4007912b
40019128
3ffc9124
3ff69121
3ff1911e
3fec911b
3fe69118
3fe19115
3fdb9112
3fd6910f
3fd0910b
3fcb9108
3fc59105
3fc09102
3fbb90ff
3fb590fc
3fb090f9
3faa90f5
3fa590f2
3f9f90ef
3f9a90ec
3f9490e9
3f8f90e6
3f8990e3
3f8490e0
3f7f90dd
3f7990d9
3f7490d6
3f6e90d3
3f6990d0
3f6390cd
3f5e90ca
3f5890c7
3f5390c4
3f4d90c1
3f4890bd
3f4390ba
3f3d90b7
3f3890b4
3f3290b1
3f2d90ae
3f2790ab
3f2290a8
3f1c90a5
3f1790a1
3f11909e
3f0c909b
3f069098
3f019095
3efb9092
3ef6908f
3ef1908c
3eeb9089
3ee69086
3ee09083
3edb907f
3ed5907c
3ed09079
3eca9076
3ec59073
3ebf9070
3eba906d
3eb4906a
3eaf9067
3ea99064
3ea49061
3e9e905e
3e99905b
3e939057
3e8e9054
3e889051
3e83904e
3e7d904b
3e789048
3e739045
3e6d9042
3e68903f
3e62903c
3e5d9039
3e579036
3e529033
3e4c9030
3e47902d
3e41902a
3e3c9026
3e369023
3e319020
3e2b901d
3e26901a
3e209017
3e1b9014
3e159011
3e10900e
3e0a900b
3e059008
3dff9005
3dfa9002
3df48fff
3def8ffc
3de98ff9
3de48ff6
3dde8ff3
3dd98ff0
3dd38fed
3dce8fea
3dc88fe7
3dc38fe3
3dbd8fe0
3db88fdd
3db28fda
3dad8fd7
3da78fd4
3da28fd1
3d9c8fce
3d978fcb
3d918fc8
3d8c8fc5
3d868fc2
3d818fbf
3d7b8fbc
3d768fb9
3d708fb6
3d6b8fb3
3d658fb0
3d608fad
3d5a8faa
3d558fa7
3d4f8fa4
3d498fa1
3d448f9e
3d3e8f9b
3d398f98
3d338f95
3d2e8f92
3d288f8f
3d238f8c
3d1d8f89
3d188f86
3d128f83
3d0d8f80
3d078f7d
3d028f7a
3cfc8f77
3cf78f74
3cf18f71
3cec8f6e
3ce68f6b
3ce18f68
3cdb8f65
3cd68f62
3cd08f5f
3cca8f5c
3cc58f59
3cbf8f56
3cba8f53
3cb48f50
3caf8f4d
3ca98f4a
3ca48f47
3c9e8f44
3c998f41
3c938f3e
3c8e8f3b
3c888f38
3c838f35
3c7d8f32
3c778f2f
3c728f2d
3c6c8f2a
3c678f27
3c618f24
3c5c8f21
3c568f1e
3c518f1b
3c4b8f18
3c468f15
3c408f12
3c3b8f0f
3c358f0c
3c2f8f09
3c2a8f06
3c248f03
3c1f8f00
3c198efd
3c148efa
3c0e8ef7
3c098ef4
3c038ef1
3bfd8eee
3bf88eec
3bf28ee9
3bed8ee6
3be78ee3
3be28ee0
3bdc8edd
3bd78eda
3bd18ed7
3bcc8ed4
3bc68ed1
3bc08ece
3bbb8ecb
3bb58ec8
3bb08ec5
3baa8ec2
3ba58ebf
3b9f8ebd
3b998eba
3b948eb7
3b8e8eb4
3b898eb1
3b838eae
3b7e8eab
3b788ea8
3b738ea5
3b6d8ea2
3b678e9f
3b628e9c
3b5c8e99
3b578e97
3b518e94
3b4c8e91
3b468e8e
3b408e8b
3b3b8e88
3b358e85
3b308e82
3b2a8e7f
3b258e7c
3b1f8e7a
3b198e77
3b148e74
3b0e8e71
3b098e6e
3b038e6b
3afe8e68
3af88e65
3af28e62
3aed8e5f
3ae78e5d
3ae28e5a
3adc8e57
3ad78e54
3ad18e51
3acb8e4e
3ac68e4b
3ac08e48
3abb8e45
3ab58e43
3aaf8e40
3aaa8e3d
3aa48e3a
3a9f8e37
3a998e34
3a948e31
3a8e8e2e
3a888e2c
3a838e29
3a7d8e26
3a788e23
3a728e20
3a6c8e1d
3a678e1a
3a618e17
3a5c8e15
3a568e12
3a508e0f
3a4b8e0c
3a458e09
3a408e06
3a3a8e03
3a348e01
3a2f8dfe
3a298dfb
3a248df8
3a1e8df5
3a198df2
3a138def
3a0d8ded
3a088dea
3a028de7
39fd8de4
39f78de1
39f18dde
39ec8ddc
39e68dd9
39e08dd6
39db8dd3
39d58dd0
39d08dcd
39ca8dca
39c48dc8
39bf8dc5
39b98dc2
39b48dbf
39ae8dbc
39a88db9
39a38db7
399d8db4
39988db1
39928dae
398c8dab
39878da9
39818da6
397c8da3
39768da0
39708d9d
396b8d9a
39658d98
395f8d95
395a8d92
39548d8f
394f8d8c
39498d8a
39438d87
393e8d84
39388d81
39328d7e
392d8d7b
39278d79
39228d76
391c8d73
39168d70
39118d6d
390b8d6b
39068d68
39008d65
38fa8d62
38f58d5f
38ef8d5d
38e98d5a
38e48d57
38de8d54
38d88d51
38d38d4f
38cd8d4c
38c88d49
38c28d46
38bc8d44
38b78d41
38b18d3e
38ab8d3b
38a68d38
38a08d36
389b8d33
38958d30
388f8d2d
388a8d2b
38848d28
387e8d25
38798d22
38738d1f
386d8d1d
38688d1a
38628d17
385d8d14
38578d12
38518d0f
384c8d0c
38468d09
38408d07
383b8d04
38358d01
382f8cfe
382a8cfb
38248cf9
381e8cf6
38198cf3
38138cf0
380d8cee
38088ceb
38028ce8
37fd8ce5
37f78ce3
37f18ce0
37ec8cdd
37e68cda
37e08cd8
37db8cd5
37d58cd2
37cf8cd0
37ca8ccd
37c48cca
37be8cc7
37b98cc5
37b38cc2
37ad8cbf
37a88cbc
37a28cba
379c8cb7
37978cb4
37918cb1
378b8caf
37868cac
37808ca9
377a8ca7
37758ca4
376f8ca1
37698c9e
37648c9c
375e8c99
37588c96
37538c94
374d8c91
37478c8e
37428c8b
373c8c89
37368c86
37318c83
372b8c81
37258c7e
37208c7b
371a8c78
37148c76
370f8c73
37098c70
37038c6e
36fe8c6b
36f88c68
36f28c65
36ed8c63
36e78c60
36e18c5d
36dc8c5b
36d68c58
36d08c55
36cb8c53
36c58c50
36bf8c4d
36ba8c4b
36b48c48
36ae8c45
36a98c43
36a38c40
369d8c3d
36988c3a
36928c38
368c8c35
36868c32
36818c30
367b8c2d
36758c2a
36708c28
366a8c25
36648c22
365f8c20
36598c1d
36538c1a
364e8c18
36488c15
36428c12
363d8c10
36378c0d
36318c0a
362b8c08
36268c05
36208c02
361a8c00
36158bfd
360f8bfa
36098bf8
36048bf5
35fe8bf3
35f88bf0
35f38bed
35ed8beb
35e78be8
35e18be5
35dc8be3
35d68be0
35d08bdd
35cb8bdb
35c58bd8
35bf8bd5
35ba8bd3
35b48bd0
35ae8bce
35a88bcb
35a38bc8
359d8bc6
35978bc3
35928bc0
358c8bbe
35868bbb
35808bb8
357b8bb6
35758bb3
356f8bb1
356a8bae
35648bab
355e8ba9
35588ba6
35538ba3
354d8ba1
35478b9e
35428b9c
353c8b99
35368b96
35308b94
352b8b91
35258b8f
351f8b8c
351a8b89
35148b87
350e8b84
35088b82
35038b7f
34fd8b7c
34f78b7a
34f28b77
34ec8b75
34e68b72
34e08b6f
34db8b6d
34d58b6a
34cf8b68
34ca8b65
34c48b62
34be8b60
34b88b5d
34b38b5b
34ad8b58
34a78b55
34a18b53
349c8b50
34968b4e
34908b4b
348b8b49
34858b46
347f8b43
34798b41
34748b3e
346e8b3c
34688b39
34628b37
345d8b34
34578b31
34518b2f
344b8b2c
34468b2a
34408b27
343a8b25
34358b22
342f8b1f
34298b1d
34238b1a
341e8b18
34188b15
34128b13
340c8b10
34078b0e
34018b0b
33fb8b08
33f58b06
33f08b03
33ea8b01
33e48afe
33de8afc
33d98af9
33d38af7
33cd8af4
33c78af1
33c28aef
33bc8aec
33b68aea
33b08ae7
33ab8ae5
33a58ae2
339f8ae0
33998add
33948adb
338e8ad8
33888ad6
33828ad3
337d8ad1
33778ace
33718acb
336b8ac9
33668ac6
33608ac4
335a8ac1
33548abf
334f8abc
33498aba
33438ab7
333d8ab5
33388ab2
33328ab0
332c8aad
33268aab
33218aa8
331b8aa6
33158aa3
330f8aa1
330a8a9e
33048a9c
32fe8a99
32f88a97
32f38a94
32ed8a92
32e78a8f
32e18a8d
32db8a8a
32d68a88
32d08a85
32ca8a83
32c48a80
32bf8a7e
32b98a7b
32b38a79
32ad8a76
32a88a74
32a28a71
329c8a6f
32968a6c
32908a6a
328b8a67
32858a65
327f8a62
32798a60
32748a5d
326e8a5b
32688a59
32628a56
325d8a54
32578a51
32518a4f
324b8a4c
32458a4a
32408a47
323a8a45
32348a42
322e8a40
32288a3d
32238a3b
321d8a38
32178a36
32118a34
320c8a31
32068a2f
32008a2c
31fa8a2a
31f48a27
31ef8a25
31e98a22
31e38a20
31dd8a1d
31d88a1b
31d28a19
31cc8a16
31c68a14
31c08a11
31bb8a0f
31b58a0c
31af8a0a
31a98a07
31a38a05
319e8a03
31988a00
319289fe
318c89fb
318689f9
318189f6
317b89f4
317589f2
316f89ef
316989ed
316489ea
315e89e8
315889e5
315289e3
314c89e1
314789de
314189dc
313b89d9
313589d7
312f89d4
312a89d2
312489d0
311e89cd
311889cb
311289c8
310d89c6
310789c4
310189c1
30fb89bf
30f589bc
30f089ba
30ea89b8
30e489b5
30de89b3
30d889b0
30d389ae
30cd89ac
30c789a9
30c189a7
30bb89a4
30b689a2
30b089a0
30aa899d
30a4899b
309e8998
30998996
30938994
308d8991
3087898f
3081898d
307b898a
30768988
30708985
306a8983
30648981
305e897e
3059897c
3053897a
304d8977
30478975
30418972
303b8970
3036896e
3030896b
302a8969
30248967
301e8964
30198962
30138960
300d895d
3007895b
30018958
2ffb8956
2ff68954
2ff08951
2fea894f
2fe4894d
2fde894a
2fd88948
2fd38946
2fcd8943
2fc78941
2fc1893f
2fbb893c
2fb5893a
2fb08938
2faa8935
2fa48933
2f9e8931
2f98892e
2f92892c
2f8d892a
2f878927
2f818925
2f7b8923
2f758920
2f6f891e
2f6a891c
2f648919
2f5e8917
2f588915
2f528912
2f4c8910
2f47890e
2f41890b
2f3b8909
2f358907
2f2f8904
2f298902
2f248900
2f1e88fd
2f1888fb
2f1288f9
2f0c88f6
2f0688f4
2f0188f2
2efb88f0
2ef588ed
2eef88eb
2ee988e9
2ee388e6
2edd88e4
2ed888e2
2ed288df
2ecc88dd
2ec688db
2ec088d9
2eba88d6
2eb588d4
2eaf88d2
2ea988cf
2ea388cd
2e9d88cb
2e9788c8
2e9188c6
2e8c88c4
2e8688c2
2e8088bf
2e7a88bd
2e7488bb
2e6e88b9
2e6888b6
2e6388b4
2e5d88b2
2e5788af
2e5188ad
2e4b88ab
2e4588a9
2e3f88a6
2e3a88a4
2e3488a2
2e2e88a0
2e28889d
2e22889b
2e1c8899
2e168896
2e118894
2e0b8892
2e058890
2dff888d
2df9888b
2df38889
2ded8887
2de78884
2de28882
2ddc8880
2dd6887e
2dd0887b
2dca8879
2dc48877
2dbe8875
2db98872
2db38870
2dad886e
2da7886c
2da18869
2d9b8867
2d958865
2d8f8863
2d8a8860
2d84885e
2d7e885c
2d78885a
2d728858
2d6c8855
2d668853
2d608851
2d5b884f
2d55884c
2d4f884a
2d498848
2d438846
2d3d8844
2d378841
2d31883f
2d2c883d
2d26883b
2d208838
2d1a8836
2d148834
2d0e8832
2d088830
2d02882d
2cfd882b
2cf78829
2cf18827
2ceb8825
2ce58822
2cdf8820
2cd9881e
2cd3881c
2ccd881a
2cc88817
2cc28815
2cbc8813
2cb68811
2cb0880f
2caa880c
2ca4880a
2c9e8808
2c988806
2c938804
2c8d8801
2c8787ff
2c8187fd
2c7b87fb
2c7587f9
2c6f87f6
2c6987f4
2c6387f2
2c5e87f0
2c5887ee
2c5287ec
2c4c87e9
2c4687e7
2c4087e5
2c3a87e3
2c3487e1
2c2e87df
2c2987dc
2c2387da
2c1d87d8
2c1787d6
2c1187d4
2c0b87d2
2c0587cf
2bff87cd
2bf987cb
2bf387c9
2bee87c7
2be887c5
2be287c2
2bdc87c0
2bd687be
2bd087bc
2bca87ba
2bc487b8
2bbe87b6
2bb887b3
2bb287b1
2bad87af
2ba787ad
2ba187ab
2b9b87a9
2b9587a7
2b8f87a4
2b8987a2
2b8387a0
2b7d879e
2b77879c
2b71879a
2b6c8798
2b668795
2b608793
2b5a8791
2b54878f
2b4e878d
2b48878b
2b428789
2b3c8787
2b368784
2b308782
2b2b8780
2b25877e
2b1f877c
2b19877a
2b138778
2b0d8776
2b078774
2b018771
2afb876f
2af5876d
2aef876b
2ae98769
2ae48767
2ade8765
2ad88763
2ad28761
2acc875e
2ac6875c
2ac0875a
2aba8758
2ab48756
2aae8754
2aa88752
2aa28750
2a9c874e
2a97874c
2a91874a
2a8b8747
2a858745
2a7f8743
2a798741
2a73873f
2a6d873d
2a67873b
2a618739
2a5b8737
2a558735
2a4f8733
2a498731
2a44872e
2a3e872c
2a38872a
2a328728
2a2c8726
2a268724
2a208722
2a1a8720
2a14871e
2a0e871c
2a08871a
2a028718
29fc8716
29f68714
29f08712
29eb870f
29e5870d
29df870b
29d98709
29d38707
29cd8705
29c78703
29c18701
29bb86ff
29b586fd
29af86fb
29a986f9
29a386f7
299d86f5
299786f3
299186f1
298b86ef
298686ed
298086eb
297a86e9
297486e7
296e86e4
296886e2
296286e0
295c86de
295686dc
295086da
294a86d8
294486d6
293e86d4
293886d2
293286d0
292c86ce
292686cc
292086ca
291b86c8
291586c6
290f86c4
290986c2
290386c0
28fd86be
28f786bc
28f186ba
28eb86b8
28e586b6
28df86b4
28d986b2
28d386b0
28cd86ae
28c786ac
28c186aa
28bb86a8
28b586a6
28af86a4
28a986a2
28a386a0
289d869e
2898869c
2892869a
288c8698
28868696
28808694
287a8692
28748690
286e868e
2868868c
2862868a
285c8688
28568686
28508684
284a8682
28448680
283e867e
2838867c
2832867a
282c8678
28268676
28208674
281a8672
28148670
280e866e
2808866d
2802866b
27fc8669
27f68667
27f18665
27eb8663
27e58661
27df865f
27d9865d
27d3865b
27cd8659
27c78657
27c18655
27bb8653
27b58651
27af864f
27a9864d
27a3864b
279d8649
27978647
27918645
278b8644
27858642
277f8640
2779863e
2773863c
276d863a
27678638
27618636
275b8634
27558632
274f8630
2749862e
2743862c
273d862a
27378628
27318627
272b8625
27258623
271f8621
2719861f
2713861d
270d861b
27078619
27018617
26fb8615
26f58613
26ef8611
26e98610
26e4860e
26de860c
26d8860a
26d28608
26cc8606
26c68604
26c08602
26ba8600
26b485fe
26ae85fc
26a885fb
26a285f9
269c85f7
269685f5
269085f3
268a85f1
268485ef
267e85ed
267885eb
267285ea
266c85e8
266685e6
266085e4
265a85e2
265485e0
264e85de
264885dc
264285da
263c85d9
263685d7
263085d5
262a85d3
262485d1
261e85cf
261885cd
261285cb
260c85ca
260685c8
260085c6
25fa85c4
25f485c2
25ee85c0
25e885be
25e285bd
25dc85bb
25d685b9
25d085b7
25ca85b5
25c485b3
25be85b1
25b885b0
25b285ae
25ac85ac
25a685aa
25a085a8
259a85a6
259485a4
258e85a3
258885a1
2582859f
257c859d
2576859b
25708599
256a8598
25648596
255e8594
25588592
25528590
254c858e
2546858d
2540858b
253a8589
25348587
252e8585
25288583
25228582
251c8580
2516857e
250f857c
2509857a
25038579
24fd8577
24f78575
24f18573
24eb8571
24e5856f
24df856e
24d9856c
24d3856a
24cd8568
24c78566
24c18565
24bb8563
24b58561
24af855f
24a9855d
24a3855c
249d855a
24978558
24918556
248b8554
24858553
247f8551
2479854f
2473854d
246d854b
2467854a
24618548
245b8546
24558544
244f8543
24498541
2443853f
243d853d
2437853b
2431853a
242b8538
24258536
241f8534
24198533
24138531
240d852f
2407852d
2401852b
23fa852a
23f48528
23ee8526
23e88524
23e28523
23dc8521
23d6851f
23d0851d
23ca851c
23c4851a
23be8518
23b88516
23b28515
23ac8513
23a68511
23a0850f
239a850e
2394850c
238e850a
23888508
23828507
237c8505
23768503
23708501
236a8500
236484fe
235e84fc
235884fa
235284f9
234b84f7
234584f5
233f84f4
233984f2
233384f0
232d84ee
232784ed
232184eb
231b84e9
231584e7
230f84e6
230984e4
230384e2
22fd84e1
22f784df
22f184dd
22eb84db
22e584da
22df84d8
22d984d6
22d384d5
22cd84d3
22c784d1
22c084cf
22ba84ce
22b484cc
22ae84ca
22a884c9
22a284c7
229c84c5
229684c4
229084c2
228a84c0
228484be
227e84bd
227884bb
227284b9
226c84b8
226684b6
226084b4
225a84b3
225484b1
224e84af
224784ae
224184ac
223b84aa
223584a9
222f84a7
222984a5
222384a3
221d84a2
221784a0
2211849e
220b849d
2205849b
21ff8499
21f98498
21f38496
21ed8494
21e78493
21e18491
21da848f
21d4848e
21ce848c
21c8848a
21c28489
21bc8487
21b68486
21b08484
21aa8482
21a48481
219e847f
2198847d
2192847c
218c847a
21868478
21808477
21798475
21738473
216d8472
21678470
2161846e
215b846d
2155846b
214f846a
21498468
21438466
213d8465
21378463
21318461
212b8460
2125845e
211e845c
2118845b
21128459
210c8458
21068456
21008454
20fa8453
20f48451
20ee8450
20e8844e
20e2844c
20dc844b
20d68449
20d08447
20c98446
20c38444
20bd8443
20b78441
20b1843f
20ab843e
20a5843c
209f843b
20998439
20938437
208d8436
20878434
20818433
207a8431
2074842f
206e842e
2068842c
2062842b
205c8429
20568427
20508426
204a8424
20448423
203e8421
20388420
2032841e
202b841c
2025841b
201f8419
20198418
20138416
200d8415
20078413
20018411
1ffb8410
1ff5840e
1fef840d
1fe9840b
1fe2840a
1fdc8408
1fd68406
1fd08405
1fca8403
1fc48402
1fbe8400
1fb883ff
1fb283fd
1fac83fb
1fa683fa
1f9f83f8
1f9983f7
1f9383f5
1f8d83f4
1f8783f2
1f8183f1
1f7b83ef
1f7583ee
1f6f83ec
1f6983ea
1f6383e9
1f5d83e7
1f5683e6
1f5083e4
1f4a83e3
1f4483e1
1f3e83e0
1f3883de
1f3283dd
1f2c83db
1f2683da
1f2083d8
1f1983d7
1f1383d5
1f0d83d3
1f0783d2
1f0183d0
1efb83cf
1ef583cd
1eef83cc
1ee983ca
1ee383c9
1edd83c7
1ed683c6
1ed083c4
1eca83c3
1ec483c1
1ebe83c0
1eb883be
1eb283bd
1eac83bb
1ea683ba
1ea083b8
1e9983b7
1e9383b5
1e8d83b4
1e8783b2
1e8183b1
1e7b83af
1e7583ae
1e6f83ac
1e6983ab
1e6283a9
1e5c83a8
1e5683a6
1e5083a5
1e4a83a3
1e4483a2
1e3e83a0
1e38839f
1e32839d
1e2c839c
1e25839a
1e1f8399
1e198397
1e138396
1e0d8394
1e078393
1e018392
1dfb8390
1df5838f
1dee838d
1de8838c
1de2838a
1ddc8389
1dd68387
1dd08386
1dca8384
1dc48383
1dbe8381
1db78380
1db1837e
1dab837d
1da5837c
1d9f837a
1d998379
1d938377
1d8d8376
1d878374
1d808373
1d7a8371
1d748370
1d6e836f
1d68836d
1d62836c
1d5c836a
1d568369
1d508367
1d498366
1d438364
1d3d8363
1d378362
1d318360
1d2b835f
1d25835d
1d1f835c
1d18835a
1d128359
1d0c8358
1d068356
1d008355
1cfa8353
1cf48352
1cee8350
1ce8834f
1ce1834e
1cdb834c
1cd5834b
1ccf8349
1cc98348
1cc38347
1cbd8345
1cb78344
1cb08342
1caa8341
1ca4833f
1c9e833e
1c98833d
1c92833b
1c8c833a
1c868338
1c7f8337
1c798336
1c738334
1c6d8333
1c678331
1c618330
1c5b832f
1c55832d
1c4e832c
1c48832b
1c428329
1c3c8328
1c368326
1c308325
1c2a8324
1c248322
1c1d8321
1c17831f
1c11831e
1c0b831d
1c05831b
1bff831a
1bf98319
1bf28317
1bec8316
1be68314
1be08313
1bda8312
1bd48310
1bce830f
1bc8830e
1bc1830c
1bbb830b
1bb5830a
1baf8308
1ba98307
1ba38305
1b9d8304
1b968303
1b908301
1b8a8300
1b8482ff
1b7e82fd
1b7882fc
1b7282fb
1b6c82f9
1b6582f8
1b5f82f7
1b5982f5
1b5382f4
1b4d82f3
1b4782f1
1b4182f0
1b3a82ef
1b3482ed
1b2e82ec
1b2882eb
1b2282e9
1b1c82e8
1b1682e7
1b0f82e5
1b0982e4
1b0382e3
1afd82e1
1af782e0
1af182df
1aeb82dd
1ae482dc
1ade82db
1ad882d9
1ad282d8
1acc82d7
1ac682d5
1ac082d4
1ab982d3
1ab382d1
1aad82d0
1aa782cf
1aa182ce
1a9b82cc
1a9582cb
1a8e82ca
1a8882c8
1a8282c7
1a7c82c6
1a7682c4
1a7082c3
1a6a82c2
1a6382c1
1a5d82bf
1a5782be
1a5182bd
1a4b82bb
1a4582ba
1a3e82b9
1a3882b7
1a3282b6
1a2c82b5
1a2682b4
1a2082b2
1a1a82b1
1a1382b0
1a0d82ae
1a0782ad
1a0182ac
19fb82ab
19f582a9
19ef82a8
19e882a7
19e282a6
19dc82a4
19d682a3
19d082a2
19ca82a0
19c3829f
19bd829e
19b7829d
19b1829b
19ab829a
19a58299
199f8298
19988296
19928295
198c8294
19868293
19808291
197a8290
1973828f
196d828e
1967828c
1961828b
195b828a
19558289
194e8287
19488286
19428285
193c8284
19368282
19308281
192a8280
1923827f
191d827e
1917827c
1911827b
190b827a
19058279
18fe8277
18f88276
18f28275
18ec8274
18e68272
18e08271
18d98270
18d3826f
18cd826e
18c7826c
18c1826b
18bb826a
18b48269
18ae8268
18a88266
18a28265
189c8264
18968263
188f8261
18898260
1883825f
187d825e
1877825d
1871825b
186a825a
18648259
185e8258
18588257
18528255
184c8254
18458253
183f8252
18398251
18338250
182d824e
1827824d
1820824c
181a824b
1814824a
180e8248
18088247
18028246
17fb8245
17f58244
17ef8243
17e98241
17e38240
17dd823f
17d6823e
17d0823d
17ca823b
17c4823a
17be8239
17b78238
17b18237
17ab8236
17a58234
179f8233
17998232
17928231
178c8230
1786822f
1780822e
177a822c
1774822b
176d822a
17678229
17618228
175b8227
17558226
174e8224
17488223
17428222
173c8221
17368220
1730821f
1729821e
1723821c
171d821b
1717821a
17118219
170a8218
17048217
16fe8216
16f88214
16f28213
16ec8212
16e58211
16df8210
16d9820f
16d3820e
16cd820d
16c6820b
16c0820a
16ba8209
16b48208
16ae8207
16a88206
16a18205
169b8204
16958203
168f8201
16898200
168281ff
167c81fe
167681fd
167081fc
166a81fb
166481fa
165d81f9
165781f8
165181f6
164b81f5
164581f4
163e81f3
163881f2
163281f1
162c81f0
162681ef
161f81ee
161981ed
161381ec
160d81ea
160781e9
160181e8
15fa81e7
15f481e6
15ee81e5
15e881e4
15e281e3
15db81e2
15d581e1
15cf81e0
15c981df
15c381de
15bc81dc
15b681db
15b081da
15aa81d9
15a481d8
159d81d7
159781d6
159181d5
158b81d4
158581d3
157f81d2
157881d1
157281d0
156c81cf
156681ce
156081cd
155981cc
155381cb
154d81c9
154781c8
154181c7
153a81c6
153481c5
152e81c4
152881c3
152281c2
151b81c1
151581c0
150f81bf
150981be
150381bd
14fc81bc
14f681bb
14f081ba
14ea81b9
14e481b8
14dd81b7
14d781b6
14d181b5
14cb81b4
14c581b3
14be81b2
14b881b1
14b281b0
14ac81af
14a681ae
149f81ad
149981ac
149381ab
148d81aa
148781a9
148081a8
147a81a7
147481a6
146e81a5
146881a4
146181a3
145b81a2
145581a1
144f81a0
1449819f
1442819e
143c819d
1436819c
1430819b
142a819a
14238199
141d8198
14178197
14118196
140b8195
14048194
13fe8193
13f88192
13f28191
13eb8190
13e5818f
13df818e
13d9818d
13d3818c
13cc818b
13c6818a
13c08189
13ba8188
13b48187
13ad8186
13a78185
13a18184
139b8183
13958182
138e8181
13888180
1382817f
137c817e
1376817d
136f817c
1369817c
1363817b
135d817a
13568179
13508178
134a8177
13448176
133e8175
13378174
13318173
132b8172
13258171
131f8170
1318816f
1312816e
130c816d
1306816c
12ff816c
12f9816b
12f3816a
12ed8169
12e78168
12e08167
12da8166
12d48165
12ce8164
12c88163
12c18162
12bb8161
12b58160
12af815f
12a8815f
12a2815e
129c815d
1296815c
1290815b
1289815a
12838159
127d8158
12778157
12718156
126a8155
12648155
125e8154
12588153
12518152
124b8151
12458150
123f814f
1239814e
1232814d
122c814c
1226814c
1220814b
1219814a
12138149
120d8148
12078147
12018146
11fa8145
11f48145
11ee8144
11e88143
11e18142
11db8141
11d58140
11cf813f
11c9813e
11c2813d
11bc813d
11b6813c
11b0813b
11a9813a
11a38139
119d8138
11978137
11918137
118a8136
11848135
117e8134
11788133
11718132
116b8131
11658131
115f8130
1159812f
1152812e
114c812d
1146812c
1140812b
1139812b
1133812a
112d8129
11278128
11218127
111a8126
11148126
110e8125
11088124
11018123
10fb8122
10f58121
10ef8121
10e88120
10e2811f
10dc811e
10d6811d
10d0811c
10c9811c
10c3811b
10bd811a
10b78119
10b08118
10aa8117
10a48117
109e8116
10988115
10918114
108b8113
10858113
107f8112
10788111
10728110
106c810f
1066810f
105f810e
1059810d
1053810c
104d810b
1047810b
1040810a
103a8109
10348108
102e8107
10278107
10218106
101b8105
10158104
100e8103
10088103
10028102
0ffc8101
0ff58100
0fef80ff
0fe980ff
0fe380fe
0fdd80fd
0fd680fc
0fd080fc
0fca80fb
0fc480fa
0fbd80f9
0fb780f8
0fb180f8
0fab80f7
0fa480f6
0f9e80f5
0f9880f5
0f9280f4
0f8b80f3
0f8580f2
0f7f80f2
0f7980f1
0f7380f0
0f6c80ef
0f6680ef
0f6080ee
0f5a80ed
0f5380ec
0f4d80ec
0f4780eb
0f4180ea
0f3a80e9
0f3480e9
0f2e80e8
0f2880e7
0f2180e6
0f1b80e6
0f1580e5
0f0f80e4
0f0880e3
0f0280e3
0efc80e2
0ef680e1
0ef080e0
0ee980e0
0ee380df
0edd80de
0ed780dd
0ed080dd
0eca80dc
0ec480db
0ebe80db
0eb780da
0eb180d9
0eab80d8
0ea580d8
0e9e80d7
0e9880d6
0e9280d6
0e8c80d5
0e8580d4
0e7f80d3
0e7980d3
0e7380d2
0e6c80d1
0e6680d1
0e6080d0
0e5a80cf
0e5380ce
0e4d80ce
0e4780cd
0e4180cc
0e3a80cc
0e3480cb
0e2e80ca
0e2880ca
0e2280c9
0e1b80c8
0e1580c7
0e0f80c7
0e0980c6
0e0280c5
0dfc80c5
0df680c4
0df080c3
0de980c3
0de380c2
0ddd80c1
0dd780c1
0dd080c0
0dca80bf
0dc480bf
0dbe80be
0db780bd
0db180bd
0dab80bc
0da580bb
0d9e80bb
0d9880ba
0d9280b9
0d8c80b9
0d8580b8
0d7f80b7
0d7980b7
0d7380b6
0d6c80b5
0d6680b5
0d6080b4
0d5a80b3
0d5380b3
0d4d80b2
0d4780b1
0d4180b1
0d3a80b0
0d3480af
0d2e80af
0d2880ae
0d2180ad
0d1b80ad
0d1580ac
0d0f80ab
0d0880ab
0d0280aa
0cfc80aa
0cf680a9
0cef80a8
0ce980a8
0ce380a7
0cdd80a6
0cd680a6
0cd080a5
0cca80a5
0cc480a4
0cbd80a3
0cb780a3
0cb180a2
0cab80a1
0ca480a1
0c9e80a0
0c9880a0
0c92809f
0c8b809e
0c85809e
0c7f809d
0c79809c
0c72809c
0c6c809b
0c66809b
0c60809a
0c598099
0c538099
0c4d8098
0c478098
0c408097
0c3a8096
0c348096
0c2e8095
0c278095
0c218094
0c1b8093
0c148093
0c0e8092
0c088092
0c028091
0bfb8090
0bf58090
0bef808f
0be9808f
0be2808e
0bdc808e
0bd6808d
0bd0808c
0bc9808c
0bc3808b
0bbd808b
0bb7808a
0bb08089
0baa8089
0ba48088
0b9e8088
0b978087
0b918087
0b8b8086
0b858085
0b7e8085
0b788084
0b728084
0b6c8083
0b658083
0b5f8082
0b598082
0b538081
0b4c8080
0b468080
0b40807f
0b3a807f
0b33807e
0b2d807e
0b27807d
0b20807d
0b1a807c
0b14807b
0b0e807b
0b07807a
0b01807a
0afb8079
0af58079
0aee8078
0ae88078
0ae28077
0adc8077
0ad58076
0acf8076
0ac98075
0ac38075
0abc8074
0ab68073
0ab08073
0aaa8072
0aa38072
0a9d8071
0a978071
0a908070
0a8a8070
0a84806f
0a7e806f
0a77806e
0a71806e
0a6b806d
0a65806d
0a5e806c
0a58806c
0a52806b
0a4c806b
0a45806a
0a3f806a
0a398069
0a338069
0a2c8068
0a268068
0a208067
0a198067
0a138066
0a0d8066
0a078065
0a008065
09fa8064
09f48064
09ee8063
09e78063
09e18062
09db8062
09d58061
09ce8061
09c88060
09c28060
09bc805f
09b5805f
09af805e
09a9805e
09a2805d
099c805d
0996805d
0990805c
0989805c
0983805b
097d805b
0977805a
0970805a
096a8059
09648059
095e8058
09578058
09518057
094b8057
09448057
093e8056
09388056
09328055
092b8055
09258054
091f8054
09198053
09128053
090c8052
09068052
09008052
08f98051
08f38051
08ed8050
08e68050
08e0804f
08da804f
08d4804f
08cd804e
08c7804e
08c1804d
08bb804d
08b4804c
08ae804c
08a8804c
08a2804b
089b804b
0895804a
088f804a
08888049
08828049
087c8049
08768048
086f8048
08698047
08638047
085d8047
08568046
08508046
084a8045
08438045
083d8044
08378044
08318044
082a8043
08248043
081e8042
08188042
08118042
080b8041
08058041
07fe8040
07f88040
07f28040
07ec803f
07e5803f
07df803f
07d9803e
07d3803e
07cc803d
07c6803d
07c0803d
07ba803c
07b3803c
07ad803b
07a7803b
07a0803b
079a803a
0794803a
078e803a
07878039
07818039
077b8039
07758038
076e8038
07688037
07628037
075b8037
07558036
074f8036
07498036
07428035
073c8035
07368035
07308034
07298034
07238033
071d8033
07168033
07108032
070a8032
07048032
06fd8031
06f78031
06f18031
06ea8030
06e48030
06de8030
06d8802f
06d1802f
06cb802f
06c5802e
06bf802e
06b8802e
06b2802d
06ac802d
06a5802d
069f802c
0699802c
0693802c
068c802b
0686802b
0680802b
067a802a
0673802a
066d802a
0667802a
06608029
065a8029
06548029
064e8028
06478028
06418028
063b8027
06358027
062e8027
06288026
06228026
061b8026
06158026
060f8025
06098025
06028025
05fc8024
05f68024
05ef8024
05e98023
05e38023
05dd8023
05d68023
05d08022
05ca8022
05c48022
05bd8021
05b78021
05b18021
05aa8021
05a48020
059e8020
05988020
05918020
058b801f
0585801f
057f801f
0578801e
0572801e
056c801e
0565801e
055f801d
0559801d
0553801d
054c801d
0546801c
0540801c
0539801c
0533801c
052d801b
0527801b
0520801b
051a801b
0514801a
050d801a
0507801a
0501801a
04fb8019
04f48019
04ee8019
04e88019
04e28018
04db8018
04d58018
04cf8018
04c88017
04c28017
04bc8017
04b68017
04af8016
04a98016
04a38016
049c8016
04968016
04908015
048a8015
04838015
047d8015
04778014
04718014
046a8014
04648014
045e8014
04578013
04518013
044b8013
04458013
043e8013
04388012
04328012
042b8012
04258012
041f8011
04198011
04128011
040c8011
04068011
03ff8011
03f98010
03f38010
03ed8010
03e68010
03e08010
03da800f
03d4800f
03cd800f
03c7800f
03c1800f
03ba800e
03b4800e
03ae800e
03a8800e
03a1800e
039b800e
0395800d
038e800d
0388800d
0382800d
037c800d
0375800c
036f800c
0369800c
0362800c
035c800c
0356800c
0350800b
0349800b
0343800b
033d800b
0337800b
0330800b
032a800b
0324800a
031d800a
0317800a
0311800a
030b800a
0304800a
02fe8009
02f88009
02f18009
02eb8009
02e58009
02df8009
02d88009
02d28008
02cc8008
02c58008
02bf8008
02b98008
02b38008
02ac8008
02a68008
02a08007
02998007
02938007
028d8007
02878007
02808007
027a8007
02748007
026d8006
02678006
02618006
025b8006
02548006
024e8006
02488006
02428006
023b8005
02358005
022f8005
02288005
02228005
021c8005
02168005
020f8005
02098005
02038005
01fc8004
01f68004
01f08004
01ea8004
01e38004
01dd8004
01d78004
01d08004
01ca8004
01c48004
01be8004
01b78003
01b18003
01ab8003
01a48003
019e8003
01988003
01928003
018b8003
01858003
017f8003
01788003
01728003
016c8003
01668002
015f8002
01598002
01538002
014d8002
01468002
01408002
013a8002
01338002
012d8002
01278002
01218002
011a8002
01148002
010e8002
01078002
01018002
00fb8001
00f58001
00ee8001
00e88001
00e28001
00db8001
00d58001
00cf8001
00c98001
00c28001
00bc8001
00b68001
00af8001
00a98001
00a38001
009d8001
00968001
00908001
008a8001
00838001
007d8001
00778001
00718001
006a8001
00648001
005e8001
00578001
00518001
004b8001
00458001
003e8001
00388001
00328001
002b8001
00258001
001f8001
00198001
00128001
000c8001
00068001
00008001
fffa8001
fff48001
ffee8001
ffe78001
ffe18001
ffdb8001
ffd58001
ffce8001
ffc88001
ffc28001
ffbb8001
ffb58001
ffaf8001
ffa98001
ffa28001
ff9c8001
ff968001
ff8f8001
ff898001
ff838001
ff7d8001
ff768001
ff708001
ff6a8001
ff638001
ff5d8001
ff578001
ff518001
ff4a8001
ff448001
ff3e8001
ff378001
ff318001
ff2b8001
ff258001
ff1e8001
ff188001
ff128001
ff0b8001
ff058001
feff8002
fef98002
fef28002
feec8002
fee68002
fedf8002
fed98002
fed38002
fecd8002
fec68002
fec08002
feba8002
feb38002
fead8002
fea78002
fea18002
fe9a8002
fe948003
fe8e8003
fe888003
fe818003
fe7b8003
fe758003
fe6e8003
fe688003
fe628003
fe5c8003
fe558003
fe4f8003
fe498003
fe428004
fe3c8004
fe368004
fe308004
fe298004
fe238004
fe1d8004
fe168004
fe108004
fe0a8004
fe048004
fdfd8005
fdf78005
fdf18005
fdea8005
fde48005
fdde8005
fdd88005
fdd18005
fdcb8005
fdc58005
fdbe8006
fdb88006
fdb28006
fdac8006
fda58006
fd9f8006
fd998006
fd938006
fd8c8007
fd868007
fd808007
fd798007
fd738007
fd6d8007
fd678007
fd608007
fd5a8008
fd548008
fd4d8008
fd478008
fd418008
fd3b8008
fd348008
fd2e8008
fd288009
fd218009
fd1b8009
fd158009
fd0f8009
fd088009
fd028009
fcfc800a
fcf5800a
fcef800a
fce9800a
fce3800a
fcdc800a
fcd6800b
fcd0800b
fcc9800b
fcc3800b
fcbd800b
fcb7800b
fcb0800b
fcaa800c
fca4800c
fc9e800c
fc97800c
fc91800c
fc8b800c
fc84800d
fc7e800d
fc78800d
fc72800d
fc6b800d
fc65800e
fc5f800e
fc58800e
fc52800e
fc4c800e
fc46800e
fc3f800f
fc39800f
fc33800f
fc2c800f
fc26800f
fc208010
fc1a8010
fc138010
fc0d8010
fc078010
fc018011
fbfa8011
fbf48011
fbee8011
fbe78011
fbe18011
fbdb8012
fbd58012
fbce8012
fbc88012
fbc28013
fbbb8013
fbb58013
fbaf8013
fba98013
fba28014
fb9c8014
fb968014
fb8f8014
fb898014
fb838015
fb7d8015
fb768015
fb708015
fb6a8016
fb648016
fb5d8016
fb578016
fb518016
fb4a8017
fb448017
fb3e8017
fb388017
fb318018
fb2b8018
fb258018
fb1e8018
fb188019
fb128019
fb0c8019
fb058019
faff801a
faf9801a
faf3801a
faec801a
fae6801b
fae0801b
fad9801b
fad3801b
facd801c
fac7801c
fac0801c
faba801c
fab4801d
faad801d
faa7801d
faa1801d
fa9b801e
fa94801e
fa8e801e
fa88801e
fa81801f
fa7b801f
fa75801f
fa6f8020
fa688020
fa628020
fa5c8020
fa568021
fa4f8021
fa498021
fa438021
fa3c8022
fa368022
fa308022
fa2a8023
fa238023
fa1d8023
fa178023
fa118024
fa0a8024
fa048024
f9fe8025
f9f78025
f9f18025
f9eb8026
f9e58026
f9de8026
f9d88026
f9d28027
f9cb8027
f9c58027
f9bf8028
f9b98028
f9b28028
f9ac8029
f9a68029
f9a08029
f999802a
f993802a
f98d802a
f986802a
f980802b
f97a802b
f974802b
f96d802c
f967802c
f961802c
f95b802d
f954802d
f94e802d
f948802e
f941802e
f93b802e
f935802f
f92f802f
f928802f
f9228030
f91c8030
f9168030
f90f8031
f9098031
f9038031
f8fc8032
f8f68032
f8f08032
f8ea8033
f8e38033
f8dd8033
f8d78034
f8d08034
f8ca8035
f8c48035
f8be8035
f8b78036
f8b18036
f8ab8036
f8a58037
f89e8037
f8988037
f8928038
f88b8038
f8858039
f87f8039
f8798039
f872803a
f86c803a
f866803a
f860803b
f859803b
f853803b
f84d803c
f846803c
f840803d
f83a803d
f834803d
f82d803e
f827803e
f821803f
f81b803f
f814803f
f80e8040
f8088040
f8028040
f7fb8041
f7f58041
f7ef8042
f7e88042
f7e28042
f7dc8043
f7d68043
f7cf8044
f7c98044
f7c38044
f7bd8045
f7b68045
f7b08046
f7aa8046
f7a38047
f79d8047
f7978047
f7918048
f78a8048
f7848049
f77e8049
f7788049
f771804a
f76b804a
f765804b
f75e804b
f758804c
f752804c
f74c804c
f745804d
f73f804d
f739804e
f733804e
f72c804f
f726804f
f720804f
f71a8050
f7138050
f70d8051
f7078051
f7008052
f6fa8052
f6f48052
f6ee8053
f6e78053
f6e18054
f6db8054
f6d58055
f6ce8055
f6c88056
f6c28056
f6bc8057
f6b58057
f6af8057
f6a98058
f6a28058
f69c8059
f6968059
f690805a
f689805a
f683805b
f67d805b
f677805c
f670805c
f66a805d
f664805d
f65e805d
f657805e
f651805e
f64b805f
f644805f
f63e8060
f6388060
f6328061
f62b8061
f6258062
f61f8062
f6198063
f6128063
f60c8064
f6068064
f6008065
f5f98065
f5f38066
f5ed8066
f5e78067
f5e08067
f5da8068
f5d48068
f5cd8069
f5c78069
f5c1806a
f5bb806a
f5b4806b
f5ae806b
f5a8806c
f5a2806c
f59b806d
f595806d
f58f806e
f589806e
f582806f
f57c806f
f5768070
f5708070
f5698071
f5638071
f55d8072
f5568072
f5508073
f54a8073
f5448074
f53d8075
f5378075
f5318076
f52b8076
f5248077
f51e8077
f5188078
f5128078
f50b8079
f5058079
f4ff807a
f4f9807a
f4f2807b
f4ec807b
f4e6807c
f4e0807d
f4d9807d
f4d3807e
f4cd807e
f4c6807f
f4c0807f
f4ba8080
f4b48080
f4ad8081
f4a78082
f4a18082
f49b8083
f4948083
f48e8084
f4888084
f4828085
f47b8085
f4758086
f46f8087
f4698087
f4628088
f45c8088
f4568089
f4508089
f449808a
f443808b
f43d808b
f437808c
f430808c
f42a808d
f424808e
f41e808e
f417808f
f411808f
f40b8090
f4058090
f3fe8091
f3f88092
f3f28092
f3ec8093
f3e58093
f3df8094
f3d98095
f3d28095
f3cc8096
f3c68096
f3c08097
f3b98098
f3b38098
f3ad8099
f3a78099
f3a0809a
f39a809b
f394809b
f38e809c
f387809c
f381809d
f37b809e
f375809e
f36e809f
f36880a0
f36280a0
f35c80a1
f35580a1
f34f80a2
f34980a3
f34380a3
f33c80a4
f33680a5
f33080a5
f32a80a6
f32380a6
f31d80a7
f31780a8
f31180a8
f30a80a9
f30480aa
f2fe80aa
f2f880ab
f2f180ab
f2eb80ac
f2e580ad
f2df80ad
f2d880ae
f2d280af
f2cc80af
f2c680b0
f2bf80b1
f2b980b1
f2b380b2
f2ad80b3
f2a680b3
f2a080b4
f29a80b5
f29480b5
f28d80b6
f28780b7
f28180b7
f27b80b8
f27480b9
f26e80b9
f26880ba
f26280bb
f25b80bb
f25580bc
f24f80bd
f24980bd
f24280be
f23c80bf
f23680bf
f23080c0
f22980c1
f22380c1
f21d80c2
f21780c3
f21080c3
f20a80c4
f20480c5
f1fe80c5
f1f780c6
f1f180c7
f1eb80c7
f1e580c8
f1de80c9
f1d880ca
f1d280ca
f1cc80cb
f1c680cc
f1bf80cc
f1b980cd
f1b380ce
f1ad80ce
f1a680cf
f1a080d0
f19a80d1
f19480d1
f18d80d2
f18780d3
f18180d3
f17b80d4
f17480d5
f16e80d6
f16880d6
f16280d7
f15b80d8
f15580d8
f14f80d9
f14980da
f14280db
f13c80db
f13680dc
f13080dd
f12980dd
f12380de
f11d80df
f11780e0
f11080e0
f10a80e1
f10480e2
f0fe80e3
f0f880e3
f0f180e4
f0eb80e5
f0e580e6
f0df80e6
f0d880e7
f0d280e8
f0cc80e9
f0c680e9
f0bf80ea
f0b980eb
f0b380ec
f0ad80ec
f0a680ed
f0a080ee
f09a80ef
f09480ef
f08d80f0
f08780f1
f08180f2
f07b80f2
f07580f3
f06e80f4
f06880f5
f06280f5
f05c80f6
f05580f7
f04f80f8
f04980f8
f04380f9
f03c80fa
f03680fb
f03080fc
f02a80fc
f02380fd
f01d80fe
f01780ff
f01180ff
f00b8100
f0048101
effe8102
eff88103
eff28103
efeb8104
efe58105
efdf8106
efd98107
efd28107
efcc8108
efc68109
efc0810a
efb9810b
efb3810b
efad810c
efa7810d
efa1810e
ef9a810f
ef94810f
ef8e8110
ef888111
ef818112
ef7b8113
ef758113
ef6f8114
ef688115
ef628116
ef5c8117
ef568117
ef508118
ef498119
ef43811a
ef3d811b
ef37811c
ef30811c
ef2a811d
ef24811e
ef1e811f
ef188120
ef118121
ef0b8121
ef058122
eeff8123
eef88124
eef28125
eeec8126
eee68126
eedf8127
eed98128
eed38129
eecd812a
eec7812b
eec0812b
eeba812c
eeb4812d
eeae812e
eea7812f
eea18130
ee9b8131
ee958131
ee8f8132
ee888133
ee828134
ee7c8135
ee768136
ee6f8137
ee698137
ee638138
ee5d8139
ee57813a
ee50813b
ee4a813c
ee44813d
ee3e813d
ee37813e
ee31813f
ee2b8140
ee258141
ee1f8142
ee188143
ee128144
ee0c8145
ee068145
edff8146
edf98147
edf38148
eded8149
ede7814a
ede0814b
edda814c
edd4814c
edce814d
edc7814e
edc1814f
edbb8150
edb58151
edaf8152
eda88153
eda28154
ed9c8155
ed968155
ed8f8156
ed898157
ed838158
ed7d8159
ed77815a
ed70815b
ed6a815c
ed64815d
ed5e815e
ed58815f
ed51815f
ed4b8160
ed458161
ed3f8162
ed388163
ed328164
ed2c8165
ed268166
ed208167
ed198168
ed138169
ed0d816a
ed07816b
ed01816c
ecfa816c
ecf4816d
ecee816e
ece8816f
ece18170
ecdb8171
ecd58172
eccf8173
ecc98174
ecc28175
ecbc8176
ecb68177
ecb08178
ecaa8179
eca3817a
ec9d817b
ec97817c
ec91817c
ec8a817d
ec84817e
ec7e817f
ec788180
ec728181
ec6b8182
ec658183
ec5f8184
ec598185
ec538186
ec4c8187
ec468188
ec408189
ec3a818a
ec34818b
ec2d818c
ec27818d
ec21818e
ec1b818f
ec158190
ec0e8191
ec088192
ec028193
ebfc8194
ebf58195
ebef8196
ebe98197
ebe38198
ebdd8199
ebd6819a
ebd0819b
ebca819c
ebc4819d
ebbe819e
ebb7819f
ebb181a0
ebab81a1
eba581a2
eb9f81a3
eb9881a4
eb9281a5
eb8c81a6
eb8681a7
eb8081a8
eb7981a9
eb7381aa
eb6d81ab
eb6781ac
eb6181ad
eb5a81ae
eb5481af
eb4e81b0
eb4881b1
eb4281b2
eb3b81b3
eb3581b4
eb2f81b5
eb2981b6
eb2381b7
eb1c81b8
eb1681b9
eb1081ba
eb0a81bb
eb0481bc
eafd81bd
eaf781be
eaf181bf
eaeb81c0
eae581c1
eade81c2
ead881c3
ead281c4
eacc81c5
eac681c6
eabf81c7
eab981c8
eab381c9
eaad81cb
eaa781cc
eaa081cd
ea9a81ce
ea9481cf
ea8e81d0
ea8881d1
ea8181d2
ea7b81d3
ea7581d4
ea6f81d5
ea6981d6
ea6381d7
ea5c81d8
ea5681d9
ea5081da
ea4a81db
ea4481dc
ea3d81de
ea3781df
ea3181e0
ea2b81e1
ea2581e2
ea1e81e3
ea1881e4
ea1281e5
ea0c81e6
ea0681e7
e9ff81e8
e9f981e9
e9f381ea
e9ed81ec
e9e781ed
e9e181ee
e9da81ef
e9d481f0
e9ce81f1
e9c881f2
e9c281f3
e9bb81f4
e9b581f5
e9af81f6
e9a981f8
e9a381f9
e99c81fa
e99681fb
e99081fc
e98a81fd
e98481fe
e97e81ff
e9778200
e9718201
e96b8203
e9658204
e95f8205
e9588206
e9528207
e94c8208
e9468209
e940820a
e93a820b
e933820d
e92d820e
e927820f
e9218210
e91b8211
e9148212
e90e8213
e9088214
e9028216
e8fc8217
e8f68218
e8ef8219
e8e9821a
e8e3821b
e8dd821c
e8d7821e
e8d0821f
e8ca8220
e8c48221
e8be8222
e8b88223
e8b28224
e8ab8226
e8a58227
e89f8228
e8998229
e893822a
e88c822b
e886822c
e880822e
e87a822f
e8748230
e86e8231
e8678232
e8618233
e85b8234
e8558236
e84f8237
e8498238
e8428239
e83c823a
e836823b
e830823d
e82a823e
e823823f
e81d8240
e8178241
e8118243
e80b8244
e8058245
e7fe8246
e7f88247
e7f28248
e7ec824a
e7e6824b
e7e0824c
e7d9824d
e7d3824e
e7cd8250
e7c78251
e7c18252
e7bb8253
e7b48254
e7ae8255
e7a88257
e7a28258
e79c8259
e796825a
e78f825b
e789825d
e783825e
e77d825f
e7778260
e7718261
e76a8263
e7648264
e75e8265
e7588266
e7528268
e74c8269
e745826a
e73f826b
e739826c
e733826e
e72d826f
e7278270
e7208271
e71a8272
e7148274
e70e8275
e7088276
e7028277
e6fb8279
e6f5827a
e6ef827b
e6e9827c
e6e3827e
e6dd827f
e6d68280
e6d08281
e6ca8282
e6c48284
e6be8285
e6b88286
e6b28287
e6ab8289
e6a5828a
e69f828b
e699828c
e693828e
e68d828f
e6868290
e6808291
e67a8293
e6748294
e66e8295
e6688296
e6618298
e65b8299
e655829a
e64f829b
e649829d
e643829e
e63d829f
e63682a0
e63082a2
e62a82a3
e62482a4
e61e82a6
e61882a7
e61182a8
e60b82a9
e60582ab
e5ff82ac
e5f982ad
e5f382ae
e5ed82b0
e5e682b1
e5e082b2
e5da82b4
e5d482b5
e5ce82b6
e5c882b7
e5c282b9
e5bb82ba
e5b582bb
e5af82bd
e5a982be
e5a382bf
e59d82c1
e59682c2
e59082c3
e58a82c4
e58482c6
e57e82c7
e57882c8
e57282ca
e56b82cb
e56582cc
e55f82ce
e55982cf
e55382d0
e54d82d1
e54782d3
e54082d4
e53a82d5
e53482d7
e52e82d8
e52882d9
e52282db
e51c82dc
e51582dd
e50f82df
e50982e0
e50382e1
e4fd82e3
e4f782e4
e4f182e5
e4ea82e7
e4e482e8
e4de82e9
e4d882eb
e4d282ec
e4cc82ed
e4c682ef
e4bf82f0
e4b982f1
e4b382f3
e4ad82f4
e4a782f5
e4a182f7
e49b82f8
e49482f9
e48e82fb
e48882fc
e48282fd
e47c82ff
e4768300
e4708301
e46a8303
e4638304
e45d8305
e4578307
e4518308
e44b830a
e445830b
e43f830c
e438830e
e432830f
e42c8310
e4268312
e4208313
e41a8314
e4148316
e40e8317
e4078319
e401831a
e3fb831b
e3f5831d
e3ef831e
e3e9831f
e3e38321
e3dc8322
e3d68324
e3d08325
e3ca8326
e3c48328
e3be8329
e3b8832b
e3b2832c
e3ab832d
e3a5832f
e39f8330
e3998331
e3938333
e38d8334
e3878336
e3818337
e37a8338
e374833a
e36e833b
e368833d
e362833e
e35c833f
e3568341
e3508342
e3498344
e3438345
e33d8347
e3378348
e3318349
e32b834b
e325834c
e31f834e
e318834f
e3128350
e30c8352
e3068353
e3008355
e2fa8356
e2f48358
e2ee8359
e2e8835a
e2e1835c
e2db835d
e2d5835f
e2cf8360
e2c98362
e2c38363
e2bd8364
e2b78366
e2b08367
e2aa8369
e2a4836a
e29e836c
e298836d
e292836f
e28c8370
e2868371
e2808373
e2798374
e2738376
e26d8377
e2678379
e261837a
e25b837c
e255837d
e24f837e
e2498380
e2428381
e23c8383
e2368384
e2308386
e22a8387
e2248389
e21e838a
e218838c
e212838d
e20b838f
e2058390
e1ff8392
e1f98393
e1f38394
e1ed8396
e1e78397
e1e18399
e1db839a
e1d4839c
e1ce839d
e1c8839f
e1c283a0
e1bc83a2
e1b683a3
e1b083a5
e1aa83a6
e1a483a8
e19e83a9
e19783ab
e19183ac
e18b83ae
e18583af
e17f83b1
e17983b2
e17383b4
e16d83b5
e16783b7
e16083b8
e15a83ba
e15483bb
e14e83bd
e14883be
e14283c0
e13c83c1
e13683c3
e13083c4
e12a83c6
e12383c7
e11d83c9
e11783ca
e11183cc
e10b83cd
e10583cf
e0ff83d0
e0f983d2
e0f383d3
e0ed83d5
e0e783d7
e0e083d8
e0da83da
e0d483db
e0ce83dd
e0c883de
e0c283e0
e0bc83e1
e0b683e3
e0b083e4
e0aa83e6
e0a383e7
e09d83e9
e09783ea
e09183ec
e08b83ee
e08583ef
e07f83f1
e07983f2
e07383f4
e06d83f5
e06783f7
e06183f8
e05a83fa
e05483fb
e04e83fd
e04883ff
e0428400
e03c8402
e0368403
e0308405
e02a8406
e0248408
e01e840a
e017840b
e011840d
e00b840e
e0058410
dfff8411
dff98413
dff38415
dfed8416
dfe78418
dfe18419
dfdb841b
dfd5841c
dfce841e
dfc88420
dfc28421
dfbc8423
dfb68424
dfb08426
dfaa8427
dfa48429
df9e842b
df98842c
df92842e
df8c842f
df868431
df7f8433
df798434
df738436
df6d8437
df678439
df61843b
df5b843c
df55843e
df4f843f
df498441
df438443
df3d8444
df378446
df308447
df2a8449
df24844b
df1e844c
df18844e
df128450
df0c8451
df068453
df008454
defa8456
def48458
deee8459
dee8845b
dee2845c
dedb845e
ded58460
decf8461
dec98463
dec38465
debd8466
deb78468
deb1846a
deab846b
dea5846d
de9f846e
de998470
de938472
de8d8473
de878475
de808477
de7a8478
de74847a
de6e847c
de68847d
de62847f
de5c8481
de568482
de508484
de4a8486
de448487
de3e8489
de38848a
de32848c
de2c848e
de26848f
de1f8491
de198493
de138494
de0d8496
de078498
de018499
ddfb849b
ddf5849d
ddef849e
dde984a0
dde384a2
dddd84a3
ddd784a5
ddd184a7
ddcb84a9
ddc584aa
ddbf84ac
ddb984ae
ddb284af
ddac84b1
dda684b3
dda084b4
dd9a84b6
dd9484b8
dd8e84b9
dd8884bb
dd8284bd
dd7c84be
dd7684c0
dd7084c2
dd6a84c4
dd6484c5
dd5e84c7
dd5884c9
dd5284ca
dd4c84cc
dd4684ce
dd4084cf
dd3984d1
dd3384d3
dd2d84d5
dd2784d6
dd2184d8
dd1b84da
dd1584db
dd0f84dd
dd0984df
dd0384e1
dcfd84e2
dcf784e4
dcf184e6
dceb84e7
dce584e9
dcdf84eb
dcd984ed
dcd384ee
dccd84f0
dcc784f2
dcc184f4
dcbb84f5
dcb584f7
dcae84f9
dca884fa
dca284fc
dc9c84fe
dc968500
dc908501
dc8a8503
dc848505
dc7e8507
dc788508
dc72850a
dc6c850c
dc66850e
dc60850f
dc5a8511
dc548513
dc4e8515
dc488516
dc428518
dc3c851a
dc36851c
dc30851d
dc2a851f
dc248521
dc1e8523
dc188524
dc128526
dc0c8528
dc06852a
dbff852b
dbf9852d
dbf3852f
dbed8531
dbe78533
dbe18534
dbdb8536
dbd58538
dbcf853a
dbc9853b
dbc3853d
dbbd853f
dbb78541
dbb18543
dbab8544
dba58546
db9f8548
db99854a
db93854b
db8d854d
db87854f
db818551
db7b8553
db758554
db6f8556
db698558
db63855a
db5d855c
db57855d
db51855f
db4b8561
db458563
db3f8565
db398566
db338568
db2d856a
db27856c
db21856e
db1b856f
db158571
db0f8573
db098575
db038577
dafd8579
daf7857a
daf1857c
daea857e
dae48580
dade8582
dad88583
dad28585
dacc8587
dac68589
dac0858b
daba858d
dab4858e
daae8590
daa88592
daa28594
da9c8596
da968598
da908599
da8a859b
da84859d
da7e859f
da7885a1
da7285a3
da6c85a4
da6685a6
da6085a8
da5a85aa
da5485ac
da4e85ae
da4885b0
da4285b1
da3c85b3
da3685b5
da3085b7
da2a85b9
da2485bb
da1e85bd
da1885be
da1285c0
da0c85c2
da0685c4
da0085c6
d9fa85c8
d9f485ca
d9ee85cb
d9e885cd
d9e285cf
d9dc85d1
d9d685d3
d9d085d5
d9ca85d7
d9c485d9
d9be85da
d9b885dc
d9b285de
d9ac85e0
d9a685e2
d9a085e4
d99a85e6
d99485e8
d98e85ea
d98885eb
d98285ed
d97c85ef
d97685f1
d97085f3
d96a85f5
d96485f7
d95e85f9
d95885fb
d95285fc
d94c85fe
d9468600
d9408602
d93a8604
d9348606
d92e8608
d928860a
d922860c
d91c860e
d9178610
d9118611
d90b8613
d9058615
d8ff8617
d8f98619
d8f3861b
d8ed861d
d8e7861f
d8e18621
d8db8623
d8d58625
d8cf8627
d8c98628
d8c3862a
d8bd862c
d8b7862e
d8b18630
d8ab8632
d8a58634
d89f8636
d8998638
d893863a
d88d863c
d887863e
d8818640
d87b8642
d8758644
d86f8645
d8698647
d8638649
d85d864b
d857864d
d851864f
d84b8651
d8458653
d83f8655
d8398657
d8338659
d82d865b
d827865d
d821865f
d81b8661
d8158663
d80f8665
d80a8667
d8048669
d7fe866b
d7f8866d
d7f2866e
d7ec8670
d7e68672
d7e08674
d7da8676
d7d48678
d7ce867a
d7c8867c
d7c2867e
d7bc8680
d7b68682
d7b08684
d7aa8686
d7a48688
d79e868a
d798868c
d792868e
d78c8690
d7868692
d7808694
d77a8696
d7748698
d76e869a
d768869c
d763869e
d75d86a0
d75786a2
d75186a4
d74b86a6
d74586a8
d73f86aa
d73986ac
d73386ae
d72d86b0
d72786b2
d72186b4
d71b86b6
d71586b8
d70f86ba
d70986bc
d70386be
d6fd86c0
d6f786c2
d6f186c4
d6eb86c6
d6e586c8
d6e086ca
d6da86cc
d6d486ce
d6ce86d0
d6c886d2
d6c286d4
d6bc86d6
d6b686d8
d6b086da
d6aa86dc
d6a486de
d69e86e0
d69886e2
d69286e4
d68c86e7
d68686e9
d68086eb
d67a86ed
d67586ef
d66f86f1
d66986f3
d66386f5
d65d86f7
d65786f9
d65186fb
d64b86fd
d64586ff
d63f8701
d6398703
d6338705
d62d8707
d6278709
d621870b
d61b870d
d615870f
d6108712
d60a8714
d6048716
d5fe8718
d5f8871a
d5f2871c
d5ec871e
d5e68720
d5e08722
d5da8724
d5d48726
d5ce8728
d5c8872a
d5c2872c
d5bc872e
d5b78731
d5b18733
d5ab8735
d5a58737
d59f8739
d599873b
d593873d
d58d873f
d5878741
d5818743
d57b8745
d5758747
d56f874a
d569874c
d564874e
d55e8750
d5588752
d5528754
d54c8756
d5468758
d540875a
d53a875c
d534875e
d52e8761
d5288763
d5228765
d51c8767
d5178769
d511876b
d50b876d
d505876f
d4ff8771
d4f98774
d4f38776
d4ed8778
d4e7877a
d4e1877c
d4db877e
d4d58780
d4d08782
d4ca8784
d4c48787
d4be8789
d4b8878b
d4b2878d
d4ac878f
d4a68791
d4a08793
d49a8795
d4948798
d48f879a
d489879c
d483879e
d47d87a0
d47787a2
d47187a4
d46b87a7
d46587a9
d45f87ab
d45987ad
d45387af
d44e87b1
d44887b3
d44287b6
d43c87b8
d43687ba
d43087bc
d42a87be
d42487c0
d41e87c2
d41887c5
d41287c7
d40d87c9
d40787cb
d40187cd
d3fb87cf
d3f587d2
d3ef87d4
d3e987d6
d3e387d8
d3dd87da
d3d787dc
d3d287df
d3cc87e1
d3c687e3
d3c087e5
d3ba87e7
d3b487e9
d3ae87ec
d3a887ee
d3a287f0
d39d87f2
d39787f4
d39187f6
d38b87f9
d38587fb
d37f87fd
d37987ff
d3738801
d36d8804
d3688806
d3628808
d35c880a
d356880c
d350880f
d34a8811
d3448813
d33e8815
d3388817
d333881a
d32d881c
d327881e
d3218820
d31b8822
d3158825
d30f8827
d3098829
d303882b
d2fe882d
d2f88830
d2f28832
d2ec8834
d2e68836
d2e08838
d2da883b
d2d4883d
d2cf883f
d2c98841
d2c38844
d2bd8846
d2b78848
d2b1884a
d2ab884c
d2a5884f
d2a08851
d29a8853
d2948855
d28e8858
d288885a
d282885c
d27c885e
d2768860
d2718863
d26b8865
d2658867
d25f8869
d259886c
d253886e
d24d8870
d2478872
d2428875
d23c8877
d2368879
d230887b
d22a887e
d2248880
d21e8882
d2198884
d2138887
d20d8889
d207888b
d201888d
d1fb8890
d1f58892
d1ef8894
d1ea8896
d1e48899
d1de889b
d1d8889d
d1d288a0
d1cc88a2
d1c688a4
d1c188a6
d1bb88a9
d1b588ab
d1af88ad
d1a988af
d1a388b2
d19d88b4
d19888b6
d19288b9
d18c88bb
d18688bd
d18088bf
d17a88c2
d17488c4
d16f88c6
d16988c8
d16388cb
d15d88cd
d15788cf
d15188d2
d14b88d4
d14688d6
d14088d9
d13a88db
d13488dd
d12e88df
d12888e2
d12388e4
d11d88e6
d11788e9
d11188eb
d10b88ed
d10588f0
d0ff88f2
d0fa88f4
d0f488f6
d0ee88f9
d0e888fb
d0e288fd
d0dc8900
d0d78902
d0d18904
d0cb8907
d0c58909
d0bf890b
d0b9890e
d0b48910
d0ae8912
d0a88915
d0a28917
d09c8919
d096891c
d091891e
d08b8920
d0858923
d07f8925
d0798927
d073892a
d06e892c
d068892e
d0628931
d05c8933
d0568935
d0508938
d04b893a
d045893c
d03f893f
d0398941
d0338943
d02d8946
d0288948
d022894a
d01c894d
d016894f
d0108951
d00a8954
d0058956
cfff8958
cff9895b
cff3895d
cfed8960
cfe78962
cfe28964
cfdc8967
cfd68969
cfd0896b
cfca896e
cfc58970
cfbf8972
cfb98975
cfb38977
cfad897a
cfa7897c
cfa2897e
cf9c8981
cf968983
cf908985
cf8a8988
cf85898a
cf7f898d
cf79898f
cf738991
cf6d8994
cf678996
cf628998
cf5c899b
cf56899d
cf5089a0
cf4a89a2
cf4589a4
cf3f89a7
cf3989a9
cf3389ac
cf2d89ae
cf2889b0
cf2289b3
cf1c89b5
cf1689b8
cf1089ba
cf0b89bc
cf0589bf
ceff89c1
cef989c4
cef389c6
ceee89c8
cee889cb
cee289cd
cedc89d0
ced689d2
ced189d4
cecb89d7
cec589d9
cebf89dc
ceb989de
ceb489e1
ceae89e3
cea889e5
cea289e8
ce9c89ea
ce9789ed
ce9189ef
ce8b89f2
ce8589f4
ce7f89f6
ce7a89f9
ce7489fb
ce6e89fe
ce688a00
ce628a03
ce5d8a05
ce578a07
ce518a0a
ce4b8a0c
ce458a0f
ce408a11
ce3a8a14
ce348a16
ce2e8a19
ce288a1b
ce238a1d
ce1d8a20
ce178a22
ce118a25
ce0c8a27
ce068a2a
ce008a2c
cdfa8a2f
cdf48a31
cdef8a34
cde98a36
cde38a38
cddd8a3b
cdd88a3d
cdd28a40
cdcc8a42
cdc68a45
cdc08a47
cdbb8a4a
cdb58a4c
cdaf8a4f
cda98a51
cda38a54
cd9e8a56
cd988a59
cd928a5b
cd8c8a5d
cd878a60
cd818a62
cd7b8a65
cd758a67
cd708a6a
cd6a8a6c
cd648a6f
cd5e8a71
cd588a74
cd538a76
cd4d8a79
cd478a7b
cd418a7e
cd3c8a80
cd368a83
cd308a85
cd2a8a88
cd258a8a
cd1f8a8d
cd198a8f
cd138a92
cd0d8a94
cd088a97
cd028a99
ccfc8a9c
ccf68a9e
ccf18aa1
cceb8aa3
cce58aa6
ccdf8aa8
ccda8aab
ccd48aad
ccce8ab0
ccc88ab2
ccc38ab5
ccbd8ab7
ccb78aba
ccb18abc
ccac8abf
cca68ac1
cca08ac4
cc9a8ac6
cc958ac9
cc8f8acb
cc898ace
cc838ad1
cc7e8ad3
cc788ad6
cc728ad8
cc6c8adb
cc678add
cc618ae0
cc5b8ae2
cc558ae5
cc508ae7
cc4a8aea
cc448aec
cc3e8aef
cc398af1
cc338af4
cc2d8af7
cc278af9
cc228afc
cc1c8afe
cc168b01
cc108b03
cc0b8b06
cc058b08
cbff8b0b
cbf98b0e
cbf48b10
cbee8b13
cbe88b15
cbe28b18
cbdd8b1a
cbd78b1d
cbd18b1f
cbcb8b22
cbc68b25
cbc08b27
cbba8b2a
cbb58b2c
cbaf8b2f
cba98b31
cba38b34
cb9e8b37
cb988b39
cb928b3c
cb8c8b3e
cb878b41
cb818b43
cb7b8b46
cb758b49
cb708b4b
cb6a8b4e
cb648b50
cb5f8b53
cb598b55
cb538b58
cb4d8b5b
cb488b5d
cb428b60
cb3c8b62
cb368b65
cb318b68
cb2b8b6a
cb258b6d
cb208b6f
cb1a8b72
cb148b75
cb0e8b77
cb098b7a
cb038b7c
cafd8b7f
caf88b82
caf28b84
caec8b87
cae68b89
cae18b8c
cadb8b8f
cad58b91
cad08b94
caca8b96
cac48b99
cabe8b9c
cab98b9e
cab38ba1
caad8ba3
caa88ba6
caa28ba9
ca9c8bab
ca968bae
ca918bb1
ca8b8bb3
ca858bb6
ca808bb8
ca7a8bbb
ca748bbe
ca6e8bc0
ca698bc3
ca638bc6
ca5d8bc8
ca588bcb
ca528bce
ca4c8bd0
ca468bd3
ca418bd5
ca3b8bd8
ca358bdb
ca308bdd
ca2a8be0
ca248be3
ca1f8be5
ca198be8
ca138beb
ca0d8bed
ca088bf0
ca028bf3
c9fc8bf5
c9f78bf8
c9f18bfa
c9eb8bfd
c9e68c00
c9e08c02
c9da8c05
c9d58c08
c9cf8c0a
c9c98c0d
c9c38c10
c9be8c12
c9b88c15
c9b28c18
c9ad8c1a
c9a78c1d
c9a18c20
c99c8c22
c9968c25
c9908c28
c98b8c2a
c9858c2d
c97f8c30
c97a8c32
c9748c35
c96e8c38
c9688c3a
c9638c3d
c95d8c40
c9578c43
c9528c45
c94c8c48
c9468c4b
c9418c4d
c93b8c50
c9358c53
c9308c55
c92a8c58
c9248c5b
c91f8c5d
c9198c60
c9138c63
c90e8c65
c9088c68
c9028c6b
c8fd8c6e
c8f78c70
c8f18c73
c8ec8c76
c8e68c78
c8e08c7b
c8db8c7e
c8d58c81
c8cf8c83
c8ca8c86
c8c48c89
c8be8c8b
c8b98c8e
c8b38c91
c8ad8c94
c8a88c96
c8a28c99
c89c8c9c
c8978c9e
c8918ca1
c88b8ca4
c8868ca7
c8808ca9
c87a8cac
c8758caf
c86f8cb1
c8698cb4
c8648cb7
c85e8cba
c8588cbc
c8538cbf
c84d8cc2
c8478cc5
c8428cc7
c83c8cca
c8368ccd
c8318cd0
c82b8cd2
c8258cd5
c8208cd8
c81a8cda
c8148cdd
c80f8ce0
c8098ce3
c8038ce5
c7fe8ce8
c7f88ceb
c7f38cee
c7ed8cf0
c7e78cf3
c7e28cf6
c7dc8cf9
c7d68cfb
c7d18cfe
c7cb8d01
c7c58d04
c7c08d07
c7ba8d09
c7b48d0c
c7af8d0f
c7a98d12
c7a38d14
c79e8d17
c7988d1a
c7938d1d
c78d8d1f
c7878d22
c7828d25
c77c8d28
c7768d2b
c7718d2d
c76b8d30
c7658d33
c7608d36
c75a8d38
c7558d3b
c74f8d3e
c7498d41
c7448d44
c73e8d46
c7388d49
c7338d4c
c72d8d4f
c7288d51
c7228d54
c71c8d57
c7178d5a
c7118d5d
c70b8d5f
c7068d62
c7008d65
c6fa8d68
c6f58d6b
c6ef8d6d
c6ea8d70
c6e48d73
c6de8d76
c6d98d79
c6d38d7b
c6ce8d7e
c6c88d81
c6c28d84
c6bd8d87
c6b78d8a
c6b18d8c
c6ac8d8f
c6a68d92
c6a18d95
c69b8d98
c6958d9a
c6908d9d
c68a8da0
c6848da3
c67f8da6
c6798da9
c6748dab
c66e8dae
c6688db1
c6638db4
c65d8db7
c6588db9
c6528dbc
c64c8dbf
c6478dc2
c6418dc5
c63c8dc8
c6368dca
c6308dcd
c62b8dd0
c6258dd3
c6208dd6
c61a8dd9
c6148ddc
c60f8dde
c6098de1
c6038de4
c5fe8de7
c5f88dea
c5f38ded
c5ed8def
c5e78df2
c5e28df5
c5dc8df8
c5d78dfb
c5d18dfe
c5cc8e01
c5c68e03
c5c08e06
c5bb8e09
c5b58e0c
c5b08e0f
c5aa8e12
c5a48e15
c59f8e17
c5998e1a
c5948e1d
c58e8e20
c5888e23
c5838e26
c57d8e29
c5788e2c
c5728e2e
c56c8e31
c5678e34
c5618e37
c55c8e3a
c5568e3d
c5518e40
c54b8e43
c5458e45
c5408e48
c53a8e4b
c5358e4e
c52f8e51
c5298e54
c5248e57
c51e8e5a
c5198e5d
c5138e5f
c50e8e62
c5088e65
c5028e68
c4fd8e6b
c4f78e6e
c4f28e71
c4ec8e74
c4e78e77
c4e18e7a
c4db8e7c
c4d68e7f
c4d08e82
c4cb8e85
c4c58e88
c4c08e8b
c4ba8e8e
c4b48e91
c4af8e94
c4a98e97
c4a48e99
c49e8e9c
c4998e9f
c4938ea2
c48d8ea5
c4888ea8
c4828eab
c47d8eae
c4778eb1
c4728eb4
c46c8eb7
c4678eba
c4618ebd
c45b8ebf
c4568ec2
c4508ec5
c44b8ec8
c4458ecb
c4408ece
c43a8ed1
c4348ed4
c42f8ed7
c4298eda
c4248edd
c41e8ee0
c4198ee3
c4138ee6
c40e8ee9
c4088eec
c4038eee
c3fd8ef1
c3f78ef4
c3f28ef7
c3ec8efa
c3e78efd
c3e18f00
c3dc8f03
c3d68f06
c3d18f09
c3cb8f0c
c3c58f0f
c3c08f12
c3ba8f15
c3b58f18
c3af8f1b
c3aa8f1e
c3a48f21
c39f8f24
c3998f27
c3948f2a
c38e8f2d
c3898f2f
c3838f32
c37d8f35
c3788f38
c3728f3b
c36d8f3e
c3678f41
c3628f44
c35c8f47
c3578f4a
c3518f4d
c34c8f50
c3468f53
c3418f56
c33b8f59
c3368f5c
c3308f5f
c32a8f62
c3258f65
c31f8f68
c31a8f6b
c3148f6e
c30f8f71
c3098f74
c3048f77
c2fe8f7a
c2f98f7d
c2f38f80
c2ee8f83
c2e88f86
c2e38f89
c2dd8f8c
c2d88f8f
c2d28f92
c2cd8f95
c2c78f98
c2c28f9b
c2bc8f9e
c2b78fa1
c2b18fa4
c2ab8fa7
c2a68faa
c2a08fad
c29b8fb0
c2958fb3
c2908fb6
c28a8fb9
c2858fbc
c27f8fbf
c27a8fc2
c2748fc5
c26f8fc8
c2698fcb
c2648fce
c25e8fd1
c2598fd4
c2538fd7
c24e8fda
c2488fdd
c2438fe0
c23d8fe3
c2388fe7
c2328fea
c22d8fed
c2278ff0
c2228ff3
c21c8ff6
c2178ff9
c2118ffc
c20c8fff
c2069002
c2019005
c1fb9008
c1f6900b
c1f0900e
c1eb9011
c1e59014
c1e09017
c1da901a
c1d5901d
c1cf9020
c1ca9023
c1c49026
c1bf902a
c1b9902d
c1b49030
c1ae9033
c1a99036
c1a39039
c19e903c
c198903f
c1939042
c18d9045
c1889048
c183904b
c17d904e
c1789051
c1729054
c16d9057
c167905b
c162905e
c15c9061
c1579064
c1519067
c14c906a
c146906d
c1419070
c13b9073
c1369076
c1309079
c12b907c
c125907f
c1209083
c11a9086
c1159089
c10f908c
c10a908f
c1059092
c0ff9095
c0fa9098
c0f4909b
c0ef909e
c0e990a1
c0e490a5
c0de90a8
c0d990ab
c0d390ae
c0ce90b1
c0c890b4
c0c390b7
c0bd90ba
c0b890bd
c0b390c1
c0ad90c4
c0a890c7
c0a290ca
c09d90cd
c09790d0
c09290d3
c08c90d6
c08790d9
c08190dd
c07c90e0
c07790e3
c07190e6
c06c90e9
c06690ec
c06190ef
c05b90f2
c05690f5
c05090f9
c04b90fc
c04590ff
c0409102
c03b9105
c0359108
c030910b
c02a910f
c0259112
c01f9115
c01a9118
c014911b
c00f911e
c00a9121
c0049124
bfff9128
bff9912b
bff4912e
bfee9131
bfe99134
bfe39137
bfde913a
bfd9913e
bfd39141
bfce9144
bfc89147
bfc3914a
bfbd914d
bfb89151
bfb39154
bfad9157
bfa8915a
bfa2915d
bf9d9160
bf979164
bf929167
bf8d916a
bf87916d
bf829170
bf7c9173
bf779177
bf71917a
bf6c917d
bf679180
bf619183
bf5c9186
bf56918a
bf51918d
bf4b9190
bf469193
bf419196
bf3b9199
bf36919d
bf3091a0
bf2b91a3
bf2691a6
bf2091a9
bf1b91ad
bf1591b0
bf1091b3
bf0a91b6
bf0591b9
bf0091bc
befa91c0
bef591c3
beef91c6
beea91c9
bee591cc
bedf91d0
beda91d3
bed491d6
becf91d9
beca91dc
bec491e0
bebf91e3
beb991e6
beb491e9
beae91ec
bea991f0
bea491f3
be9e91f6
be9991f9
be9391fc
be8e9200
be899203
be839206
be7e9209
be78920d
be739210
be6e9213
be689216
be639219
be5e921d
be589220
be539223
be4d9226
be48922a
be43922d
be3d9230
be389233
be329236
be2d923a
be28923d
be229240
be1d9243
be179247
be12924a
be0d924d
be079250
be029254
bdfd9257
bdf7925a
bdf2925d
bdec9261
bde79264
bde29267
bddc926a
bdd7926e
bdd19271
bdcc9274
bdc79277
bdc1927b
bdbc927e
bdb79281
bdb19284
bdac9288
bda6928b
bda1928e
bd9c9291
bd969295
bd919298
bd8c929b
bd86929e
bd8192a2
bd7c92a5
bd7692a8
bd7192ab
bd6b92af
bd6692b2
bd6192b5
bd5b92b8
bd5692bc
bd5192bf
bd4b92c2
bd4692c6
bd4092c9
bd3b92cc
bd3692cf
bd3092d3
bd2b92d6
bd2692d9
bd2092dd
bd1b92e0
bd1692e3
bd1092e6
bd0b92ea
bd0692ed
bd0092f0
bcfb92f4
bcf592f7
bcf092fa
bceb92fd
bce59301
bce09304
bcdb9307
bcd5930b
bcd0930e
bccb9311
bcc59314
bcc09318
bcbb931b
bcb5931e
bcb09322
bcab9325
bca59328
bca0932c
bc9b932f
bc959332
bc909336
bc8b9339
bc85933c
bc80933f
bc7b9343
bc759346
bc709349
bc6b934d
bc659350
bc609353
bc5b9357
bc55935a
bc50935d
bc4b9361
bc459364
bc409367
bc3b936b
bc35936e
bc309371
bc2b9375
bc259378
bc20937b
bc1b937f
bc159382
bc109385
bc0b9389
bc05938c
bc00938f
bbfb9393
bbf59396
bbf09399
bbeb939d
bbe593a0
bbe093a3
bbdb93a7
bbd593aa
bbd093ad
bbcb93b1
bbc593b4
bbc093b7
bbbb93bb
bbb593be
bbb093c1
bbab93c5
bba693c8
bba093cc
bb9b93cf
bb9693d2
bb9093d6
bb8b93d9
bb8693dc
bb8093e0
bb7b93e3
bb7693e6
bb7093ea
bb6b93ed
bb6693f1
bb6193f4
bb5b93f7
bb5693fb
bb5193fe
bb4b9401
bb469405
bb419408
bb3b940b
bb36940f
bb319412
bb2c9416
bb269419
bb21941c
bb1c9420
bb169423
bb119427
bb0c942a
bb06942d
bb019431
bafc9434
baf79437
baf1943b
baec943e
bae79442
bae19445
badc9448
bad7944c
bad2944f
bacc9453
bac79456
bac29459
babc945d
bab79460
bab29464
baad9467
baa7946a
baa2946e
ba9d9471
ba979475
ba929478
ba8d947b
ba88947f
ba829482
ba7d9486
ba789489
ba73948d
ba6d9490
ba689493
ba639497
ba5d949a
ba58949e
ba5394a1
ba4e94a4
ba4894a8
ba4394ab
ba3e94af
ba3994b2
ba3394b6
ba2e94b9
ba2994bc
ba2394c0
ba1e94c3
ba1994c7
ba1494ca
ba0e94ce
ba0994d1
ba0494d4
b9ff94d8
b9f994db
b9f494df
b9ef94e2
b9ea94e6
b9e494e9
b9df94ed
b9da94f0
b9d594f3
b9cf94f7
b9ca94fa
b9c594fe
b9c09501
b9ba9505
b9b59508
b9b0950c
b9ab950f
b9a59512
b9a09516
b99b9519
b996951d
b9909520
b98b9524
b9869527
b981952b
b97b952e
b9769532
b9719535
b96c9538
b966953c
b961953f
b95c9543
b9579546
b951954a
b94c954d
b9479551
b9429554
b93c9558
b937955b
b932955f
b92d9562
b9289566
b9229569
b91d956d
b9189570
b9139574
b90d9577
b908957a
b903957e
b8fe9581
b8f89585
b8f39588
b8ee958c
b8e9958f
b8e49593
b8de9596
b8d9959a
b8d4959d
b8cf95a1
b8c995a4
b8c495a8
b8bf95ab
b8ba95af
b8b595b2
b8af95b6
b8aa95b9
b8a595bd
b8a095c0
b89a95c4
b89595c7
b89095cb
b88b95ce
b88695d2
b88095d5
b87b95d9
b87695dc
b87195e0
b86c95e3
b86695e7
b86195ea
b85c95ee
b85795f2
b85295f5
b84c95f9
b84795fc
b8429600
b83d9603
b8389607
b832960a
b82d960e
b8289611
b8239615
b81e9618
b818961c
b813961f
b80e9623
b8099626
b804962a
b7fe962d
b7f99631
b7f49635
b7ef9638
b7ea963c
b7e4963f
b7df9643
b7da9646
b7d5964a
b7d0964d
b7ca9651
b7c59654
b7c09658
b7bb965b
b7b6965f
b7b19663
b7ab9666
b7a6966a
b7a1966d
b79c9671
b7979674
b7919678
b78c967b
b787967f
b7829683
b77d9686
b778968a
b772968d
b76d9691
b7689694
b7639698
b75e969c
b758969f
b75396a3
b74e96a6
b74996aa
b74496ad
b73f96b1
b73996b5
b73496b8
b72f96bc
b72a96bf
b72596c3
b72096c6
b71a96ca
b71596ce
b71096d1
b70b96d5
b70696d8
b70196dc
b6fb96df
b6f696e3
b6f196e7
b6ec96ea
b6e796ee
b6e296f1
b6dd96f5
b6d796f9
b6d296fc
b6cd9700
b6c89703
b6c39707
b6be970b
b6b8970e
b6b39712
b6ae9715
b6a99719
b6a4971d
b69f9720
b69a9724
b6949727
b68f972b
b68a972f
b6859732
b6809736
b67b9739
b676973d
b6709741
b66b9744
b6669748
b661974b
b65c974f
b6579753
b6529756
b64c975a
b647975d
b6429761
b63d9765
b6389768
b633976c
b62e9770
b6289773
b6239777
b61e977a
b619977e
b6149782
b60f9785
b60a9789
b605978d
b5ff9790
b5fa9794
b5f59798
b5f0979b
b5eb979f
b5e697a2
b5e197a6
b5dc97aa
b5d697ad
b5d197b1
b5cc97b5
b5c797b8
b5c297bc
b5bd97c0
b5b897c3
b5b397c7
b5ae97cb
b5a897ce
b5a397d2
b59e97d5
b59997d9
b59497dd
b58f97e0
b58a97e4
b58597e8
b57f97eb
b57a97ef
b57597f3
b57097f6
b56b97fa
b56697fe
b5619801
b55c9805
b5579809
b552980c
b54c9810
b5479814
b5429817
b53d981b
b538981f
b5339822
b52e9826
b529982a
b524982d
b51f9831
b5199835
b5149838
b50f983c
b50a9840
b5059843
b5009847
b4fb984b
b4f6984e
b4f19852
b4ec9856
b4e7985a
b4e1985d
b4dc9861
b4d79865
b4d29868
b4cd986c
b4c89870
b4c39873
b4be9877
b4b9987b
b4b4987e
b4af9882
b4aa9886
b4a4988a
b49f988d
b49a9891
b4959895
b4909898
b48b989c
b48698a0
b48198a3
b47c98a7
b47798ab
b47298af
b46d98b2
b46898b6
b46298ba
b45d98bd
b45898c1
b45398c5
b44e98c9
b44998cc
b44498d0
b43f98d4
b43a98d7
b43598db
b43098df
b42b98e3
b42698e6
b42198ea
b41c98ee
b41798f2
b41198f5
b40c98f9
b40798fd
b4029900
b3fd9904
b3f89908
b3f3990c
b3ee990f
b3e99913
b3e49917
b3df991b
b3da991e
b3d59922
b3d09926
b3cb992a
b3c6992d
b3c19931
b3bc9935
b3b79938
b3b1993c
b3ac9940
b3a79944
b3a29947
b39d994b
b398994f
b3939953
b38e9956
b389995a
b384995e
b37f9962
b37a9965
b3759969
b370996d
b36b9971
b3669975
b3619978
b35c997c
b3579980
b3529984
b34d9987
b348998b
b343998f
b33e9993
b3399996
b334999a
b32f999e
b32a99a2
b32599a5
b31f99a9
b31a99ad
b31599b1
b31099b5
b30b99b8
b30699bc
b30199c0
b2fc99c4
b2f799c7
b2f299cb
b2ed99cf
b2e899d3
b2e399d7
b2de99da
b2d999de
b2d499e2
b2cf99e6
b2ca99ea
b2c599ed
b2c099f1
b2bb99f5
b2b699f9
b2b199fd
b2ac9a00
b2a79a04
b2a29a08
b29d9a0c
b2989a10
b2939a13
b28e9a17
b2899a1b
b2849a1f
b27f9a23
b27a9a26
b2759a2a
b2709a2e
b26b9a32
b2669a36
b2619a39
b25c9a3d
b2579a41
b2529a45
b24d9a49
b2489a4c
b2439a50
b23e9a54
b2399a58
b2349a5c
b22f9a60
b22a9a63
b2259a67
b2209a6b
b21b9a6f
b2169a73
b2119a76
b20c9a7a
b2079a7e
b2029a82
b1fd9a86
b1f89a8a
b1f39a8d
b1ee9a91
b1e99a95
b1e49a99
b1df9a9d
b1da9aa1
b1d69aa4
b1d19aa8
b1cc9aac
b1c79ab0
b1c29ab4
b1bd9ab8
b1b89abb
b1b39abf
b1ae9ac3
b1a99ac7
b1a49acb
b19f9acf
b19a9ad3
b1959ad6
b1909ada
b18b9ade
b1869ae2
b1819ae6
b17c9aea
b1779aed
b1729af1
b16d9af5
b1689af9
b1639afd
b15e9b01
b1599b05
b1549b09
b14f9b0c
b14a9b10
b1469b14
b1419b18
b13c9b1c
b1379b20
b1329b24
b12d9b27
b1289b2b
b1239b2f
b11e9b33
b1199b37
b1149b3b
b10f9b3f
b10a9b43
b1059b46
b1009b4a
b0fb9b4e
b0f69b52
b0f19b56
b0ec9b5a
b0e89b5e
b0e39b62
b0de9b65
b0d99b69
b0d49b6d
b0cf9b71
b0ca9b75
b0c59b79
b0c09b7d
b0bb9b81
b0b69b85
b0b19b88
b0ac9b8c
b0a79b90
b0a29b94
b09e9b98
b0999b9c
b0949ba0
b08f9ba4
b08a9ba8
b0859bac
b0809baf
b07b9bb3
b0769bb7
b0719bbb
b06c9bbf
b0679bc3
b0629bc7
b05e9bcb
b0599bcf
b0549bd3
b04f9bd7
b04a9bda
b0459bde
b0409be2
b03b9be6
b0369bea
b0319bee
b02c9bf2
b0279bf6
b0239bfa
b01e9bfe
b0199c02
b0149c06
b00f9c09
b00a9c0d
b0059c11
b0009c15
affb9c19
aff69c1d
aff19c21
afed9c25
afe89c29
afe39c2d
afde9c31
afd99c35
afd49c39
afcf9c3d
afca9c40
afc59c44
afc09c48
afbc9c4c
afb79c50
afb29c54
afad9c58
afa89c5c
afa39c60
af9e9c64
af999c68
af949c6c
af909c70
af8b9c74
af869c78
af819c7c
af7c9c80
af779c84
af729c88
af6d9c8b
af699c8f
af649c93
af5f9c97
af5a9c9b
af559c9f
af509ca3
af4b9ca7
af469cab
af419caf
af3d9cb3
af389cb7
af339cbb
af2e9cbf
af299cc3
af249cc7
af1f9ccb
af1b9ccf
af169cd3
af119cd7
af0c9cdb
af079cdf
af029ce3
aefd9ce7
aef89ceb
aef49cef
aeef9cf3
aeea9cf7
aee59cfb
aee09cff
aedb9d03
aed69d07
aed29d0b
aecd9d0e
aec89d12
aec39d16
aebe9d1a
aeb99d1e
aeb49d22
aeb09d26
aeab9d2a
aea69d2e
aea19d32
ae9c9d36
ae979d3a
ae929d3e
ae8e9d42
ae899d46
ae849d4a
ae7f9d4e
ae7a9d52
ae759d56
ae719d5a
ae6c9d5e
ae679d62
ae629d66
ae5d9d6a
ae589d6e
ae549d72
ae4f9d76
ae4a9d7a
ae459d7e
ae409d82
ae3b9d86
ae379d8b
ae329d8f
ae2d9d93
ae289d97
ae239d9b
ae1e9d9f
ae1a9da3
ae159da7
ae109dab
ae0b9daf
ae069db3
ae019db7
adfd9dbb
adf89dbf
adf39dc3
adee9dc7
ade99dcb
ade49dcf
ade09dd3
addb9dd7
add69ddb
add19ddf
adcc9de3
adc89de7
adc39deb
adbe9def
adb99df3
adb49df7
adaf9dfb
adab9dff
ada69e03
ada19e07
ad9c9e0b
ad979e0f
ad939e14
ad8e9e18
ad899e1c
ad849e20
ad7f9e24
ad7b9e28
ad769e2c
ad719e30
ad6c9e34
ad679e38
ad639e3c
ad5e9e40
ad599e44
ad549e48
ad4f9e4c
ad4b9e50
ad469e54
ad419e58
ad3c9e5d
ad379e61
ad339e65
ad2e9e69
ad299e6d
ad249e71
ad1f9e75
ad1b9e79
ad169e7d
ad119e81
ad0c9e85
ad089e89
ad039e8d
acfe9e91
acf99e95
acf49e9a
acf09e9e
aceb9ea2
ace69ea6
ace19eaa
acdd9eae
acd89eb2
acd39eb6
acce9eba
acc99ebe
acc59ec2
acc09ec6
acbb9ecb
acb69ecf
acb29ed3
acad9ed7
aca89edb
aca39edf
ac9e9ee3
ac9a9ee7
ac959eeb
ac909eef
ac8b9ef3
ac879ef8
ac829efc
ac7d9f00
ac789f04
ac749f08
ac6f9f0c
ac6a9f10
ac659f14
ac619f18
ac5c9f1c
ac579f21
ac529f25
ac4e9f29
ac499f2d
ac449f31
ac3f9f35
ac3b9f39
ac369f3d
ac319f41
ac2c9f46
ac289f4a
ac239f4e
ac1e9f52
ac199f56
ac159f5a
ac109f5e
ac0b9f62
ac069f67
ac029f6b
abfd9f6f
abf89f73
abf39f77
abef9f7b
abea9f7f
abe59f83
abe09f88
abdc9f8c
abd79f90
abd29f94
abcd9f98
abc99f9c
abc49fa0
abbf9fa4
abbb9fa9
abb69fad
abb19fb1
abac9fb5
aba89fb9
aba39fbd
ab9e9fc1
ab999fc6
ab959fca
ab909fce
ab8b9fd2
ab879fd6
ab829fda
ab7d9fde
ab789fe3
ab749fe7
ab6f9feb
ab6a9fef
ab669ff3
ab619ff7
ab5c9ffc
ab57a000
ab53a004
ab4ea008
ab49a00c
ab45a010
ab40a014
ab3ba019
ab36a01d
ab32a021
ab2da025
ab28a029
ab24a02d
ab1fa032
ab1aa036
ab16a03a
ab11a03e
ab0ca042
ab07a046
ab03a04b
aafea04f
aaf9a053
aaf5a057
aaf0a05b
aaeba060
aae7a064
aae2a068
aadda06c
aad8a070
aad4a074
aacfa079
aacaa07d
aac6a081
aac1a085
aabca089
aab8a08e
aab3a092
aaaea096
aaaaa09a
aaa5a09e
aaa0a0a2
aa9ca0a7
aa97a0ab
aa92a0af
aa8ea0b3
aa89a0b7
aa84a0bc
aa7fa0c0
aa7ba0c4
aa76a0c8
aa71a0cc
aa6da0d1
aa68a0d5
aa63a0d9
aa5fa0dd
aa5aa0e1
aa55a0e6
aa51a0ea
aa4ca0ee
aa47a0f2
aa43a0f6
aa3ea0fb
aa39a0ff
aa35a103
aa30a107
aa2ba10b
aa27a110
aa22a114
aa1da118
aa19a11c
aa14a121
aa10a125
aa0ba129
aa06a12d
aa02a131
a9fda136
a9f8a13a
a9f4a13e
a9efa142
a9eaa147
a9e6a14b
a9e1a14f
a9dca153
a9d8a157
a9d3a15c
a9cea160
a9caa164
a9c5a168
a9c0a16d
a9bca171
a9b7a175
a9b3a179
a9aea17e
a9a9a182
a9a5a186
a9a0a18a
a99ba18f
a997a193
a992a197
a98da19b
a989a1a0
a984a1a4
a980a1a8
a97ba1ac
a976a1b0
a972a1b5
a96da1b9
a968a1bd
a964a1c1
a95fa1c6
a95ba1ca
a956a1ce
a951a1d3
a94da1d7
a948a1db
a943a1df
a93fa1e4
a93aa1e8
a936a1ec
a931a1f0
a92ca1f5
a928a1f9
a923a1fd
a91ea201
a91aa206
a915a20a
a911a20e
a90ca212
a907a217
a903a21b
a8fea21f
a8faa224
a8f5a228
a8f0a22c
a8eca230
a8e7a235
a8e3a239
a8dea23d
a8d9a241
a8d5a246
a8d0a24a
a8cca24e
a8c7a253
a8c2a257
a8bea25b
a8b9a25f
a8b5a264
a8b0a268
a8aba26c
a8a7a271
a8a2a275
a89ea279
a899a27d
a894a282
a890a286
a88ba28a
a887a28f
a882a293
a87da297
a879a29b
a874a2a0
a870a2a4
a86ba2a8
a867a2ad
a862a2b1
a85da2b5
a859a2ba
a854a2be
a850a2c2
a84ba2c6
a847a2cb
a842a2cf
a83da2d3
a839a2d8
a834a2dc
a830a2e0
a82ba2e5
a827a2e9
a822a2ed
a81da2f2
a819a2f6
a814a2fa
a810a2ff
a80ba303
a807a307
a802a30b
a7fda310
a7f9a314
a7f4a318
a7f0a31d
a7eba321
a7e7a325
a7e2a32a
a7dea32e
a7d9a332
a7d4a337
a7d0a33b
a7cba33f
a7c7a344
a7c2a348
a7bea34c
a7b9a351
a7b5a355
a7b0a359
a7aba35e
a7a7a362
a7a2a366
a79ea36b
a799a36f
a795a373
a790a378
a78ca37c
a787a380
a783a385
a77ea389
a779a38d
a775a392
a770a396
a76ca39a
a767a39f
a763a3a3
a75ea3a8
a75aa3ac
a755a3b0
a751a3b5
a74ca3b9
a748a3bd
a743a3c2
a73fa3c6
a73aa3ca
a735a3cf
a731a3d3
a72ca3d7
a728a3dc
a723a3e0
a71fa3e5
a71aa3e9
a716a3ed
a711a3f2
a70da3f6
a708a3fa
a704a3ff
a6ffa403
a6fba407
a6f6a40c
a6f2a410
a6eda415
a6e9a419
a6e4a41d
a6e0a422
a6dba426
a6d7a42a
a6d2a42f
a6cea433
a6c9a438
a6c5a43c
a6c0a440
a6bca445
a6b7a449
a6b3a44e
a6aea452
a6aaa456
a6a5a45b
a6a1a45f
a69ca463
a698a468
a693a46c
a68fa471
a68aa475
a686a479
a681a47e
a67da482
a678a487
a674a48b
a66fa48f
a66ba494
a666a498
a662a49d
a65da4a1
a659a4a5
a654a4aa
a650a4ae
a64ba4b3
a647a4b7
a642a4bb
a63ea4c0
a639a4c4
a635a4c9
a630a4cd
a62ca4d1
a627a4d6
a623a4da
a61fa4df
a61aa4e3
a616a4e7
a611a4ec
a60da4f0
a608a4f5
a604a4f9
a5ffa4fe
a5fba502
a5f6a506
a5f2a50b
a5eda50f
a5e9a514
a5e4a518
a5e0a51c
a5dca521
a5d7a525
a5d3a52a
a5cea52e
a5caa533
a5c5a537
a5c1a53b
a5bca540
a5b8a544
a5b3a549
a5afa54d
a5aaa552
a5a6a556
a5a2a55b
a59da55f
a599a563
a594a568
a590a56c
a58ba571
a587a575
a582a57a
a57ea57e
a57aa582
a575a587
a571a58b
a56ca590
a568a594
a563a599
a55fa59d
a55ba5a2
a556a5a6
a552a5aa
a54da5af
a549a5b3
a544a5b8
a540a5bc
a53ba5c1
a537a5c5
a533a5ca
a52ea5ce
a52aa5d3
a525a5d7
a521a5dc
a51ca5e0
a518a5e4
a514a5e9
a50fa5ed
a50ba5f2
a506a5f6
a502a5fb
a4fea5ff
a4f9a604
a4f5a608
a4f0a60d
a4eca611
a4e7a616
a4e3a61a
a4dfa61f
a4daa623
a4d6a627
a4d1a62c
a4cda630
a4c9a635
a4c4a639
a4c0a63e
a4bba642
a4b7a647
a4b3a64b
a4aea650
a4aaa654
a4a5a659
a4a1a65d
a49da662
a498a666
a494a66b
a48fa66f
a48ba674
a487a678
a482a67d
a47ea681
a479a686
a475a68a
a471a68f
a46ca693
a468a698
a463a69c
a45fa6a1
a45ba6a5
a456a6aa
a452a6ae
a44ea6b3
a449a6b7
a445a6bc
a440a6c0
a43ca6c5
a438a6c9
a433a6ce
a42fa6d2
a42aa6d7
a426a6db
a422a6e0
a41da6e4
a419a6e9
a415a6ed
a410a6f2
a40ca6f6
a407a6fb
a403a6ff
a3ffa704
a3faa708
a3f6a70d
a3f2a711
a3eda716
a3e9a71a
a3e5a71f
a3e0a723
a3dca728
a3d7a72c
a3d3a731
a3cfa735
a3caa73a
a3c6a73f
a3c2a743
a3bda748
a3b9a74c
a3b5a751
a3b0a755
a3aca75a
a3a8a75e
a3a3a763
a39fa767
a39aa76c
a396a770
a392a775
a38da779
a389a77e
a385a783
a380a787
a37ca78c
a378a790
a373a795
a36fa799
a36ba79e
a366a7a2
a362a7a7
a35ea7ab
a359a7b0
a355a7b5
a351a7b9
a34ca7be
a348a7c2
a344a7c7
a33fa7cb
a33ba7d0
a337a7d4
a332a7d9
a32ea7de
a32aa7e2
a325a7e7
a321a7eb
a31da7f0
a318a7f4
a314a7f9
a310a7fd
a30ba802
a307a807
a303a80b
a2ffa810
a2faa814
a2f6a819
a2f2a81d
a2eda822
a2e9a827
a2e5a82b
a2e0a830
a2dca834
a2d8a839
a2d3a83d
a2cfa842
a2cba847
a2c6a84b
a2c2a850
a2bea854
a2baa859
a2b5a85d
a2b1a862
a2ada867
a2a8a86b
a2a4a870
a2a0a874
a29ba879
a297a87d
a293a882
a28fa887
a28aa88b
a286a890
a282a894
a27da899
a279a89e
a275a8a2
a271a8a7
a26ca8ab
a268a8b0
a264a8b5
a25fa8b9
a25ba8be
a257a8c2
a253a8c7
a24ea8cc
a24aa8d0
a246a8d5
a241a8d9
a23da8de
a239a8e3
a235a8e7
a230a8ec
a22ca8f0
a228a8f5
a224a8fa
a21fa8fe
a21ba903
a217a907
a212a90c
a20ea911
a20aa915
a206a91a
a201a91e
a1fda923
a1f9a928
a1f5a92c
a1f0a931
a1eca936
a1e8a93a
a1e4a93f
a1dfa943
a1dba948
a1d7a94d
a1d3a951
a1cea956
a1caa95b
a1c6a95f
a1c1a964
a1bda968
a1b9a96d
a1b5a972
a1b0a976
a1aca97b
a1a8a980
a1a4a984
a1a0a989
a19ba98d
a197a992
a193a997
a18fa99b
a18aa9a0
a186a9a5
a182a9a9
a17ea9ae
a179a9b3
a175a9b7
a171a9bc
a16da9c0
a168a9c5
a164a9ca
a160a9ce
a15ca9d3
a157a9d8
a153a9dc
a14fa9e1
a14ba9e6
a147a9ea
a142a9ef
a13ea9f4
a13aa9f8
a136a9fd
a131aa02
a12daa06
a129aa0b
a125aa10
a121aa14
a11caa19
a118aa1d
a114aa22
a110aa27
a10baa2b
a107aa30
a103aa35
a0ffaa39
a0fbaa3e
a0f6aa43
a0f2aa47
a0eeaa4c
a0eaaa51
a0e6aa55
a0e1aa5a
a0ddaa5f
a0d9aa63
a0d5aa68
a0d1aa6d
a0ccaa71
a0c8aa76
a0c4aa7b
a0c0aa7f
a0bcaa84
a0b7aa89
a0b3aa8e
a0afaa92
a0abaa97
a0a7aa9c
a0a2aaa0
a09eaaa5
a09aaaaa
a096aaae
a092aab3
a08eaab8
a089aabc
a085aac1
a081aac6
a07daaca
a079aacf
a074aad4
a070aad8
a06caadd
a068aae2
a064aae7
a060aaeb
a05baaf0
a057aaf5
a053aaf9
a04faafe
a04bab03
a046ab07
a042ab0c
a03eab11
a03aab16
a036ab1a
a032ab1f
a02dab24
a029ab28
a025ab2d
a021ab32
a01dab36
a019ab3b
a014ab40
a010ab45
a00cab49
a008ab4e
a004ab53
a000ab57
9ffcab5c
9ff7ab61
9ff3ab66
9fefab6a
9febab6f
9fe7ab74
9fe3ab78
9fdeab7d
9fdaab82
9fd6ab87
9fd2ab8b
9fceab90
9fcaab95
9fc6ab99
9fc1ab9e
9fbdaba3
9fb9aba8
9fb5abac
9fb1abb1
9fadabb6
9fa9abbb
9fa4abbf
9fa0abc4
9f9cabc9
9f98abcd
9f94abd2
9f90abd7
9f8cabdc
9f88abe0
9f83abe5
9f7fabea
9f7babef
9f77abf3
9f73abf8
9f6fabfd
9f6bac02
9f67ac06
9f62ac0b
9f5eac10
9f5aac15
9f56ac19
9f52ac1e
9f4eac23
9f4aac28
9f46ac2c
9f41ac31
9f3dac36
9f39ac3b
9f35ac3f
9f31ac44
9f2dac49
9f29ac4e
9f25ac52
9f21ac57
9f1cac5c
9f18ac61
9f14ac65
9f10ac6a
9f0cac6f
9f08ac74
9f04ac78
9f00ac7d
9efcac82
9ef8ac87
9ef3ac8b
9eefac90
9eebac95
9ee7ac9a
9ee3ac9e
9edfaca3
9edbaca8
9ed7acad
9ed3acb2
9ecfacb6
9ecbacbb
9ec6acc0
9ec2acc5
9ebeacc9
9ebaacce
9eb6acd3
9eb2acd8
9eaeacdd
9eaaace1
9ea6ace6
9ea2aceb
9e9eacf0
9e9aacf4
9e95acf9
9e91acfe
9e8dad03
9e89ad08
9e85ad0c
9e81ad11
9e7dad16
9e79ad1b
9e75ad1f
9e71ad24
9e6dad29
9e69ad2e
9e65ad33
9e61ad37
9e5dad3c
9e58ad41
9e54ad46
9e50ad4b
9e4cad4f
9e48ad54
9e44ad59
9e40ad5e
9e3cad63
9e38ad67
9e34ad6c
9e30ad71
9e2cad76
9e28ad7b
9e24ad7f
9e20ad84
9e1cad89
9e18ad8e
9e14ad93
9e0fad97
9e0bad9c
9e07ada1
9e03ada6
9dffadab
9dfbadaf
9df7adb4
9df3adb9
9defadbe
9debadc3
9de7adc8
9de3adcc
9ddfadd1
9ddbadd6
9dd7addb
9dd3ade0
9dcfade4
9dcbade9
9dc7adee
9dc3adf3
9dbfadf8
9dbbadfd
9db7ae01
9db3ae06
9dafae0b
9dabae10
9da7ae15
9da3ae1a
9d9fae1e
9d9bae23
9d97ae28
9d93ae2d
9d8fae32
9d8bae37
9d86ae3b
9d82ae40
9d7eae45
9d7aae4a
9d76ae4f
9d72ae54
9d6eae58
9d6aae5d
9d66ae62
9d62ae67
9d5eae6c
9d5aae71
9d56ae75
9d52ae7a
9d4eae7f
9d4aae84
9d46ae89
9d42ae8e
9d3eae92
9d3aae97
9d36ae9c
9d32aea1
9d2eaea6
9d2aaeab
9d26aeb0
9d22aeb4
9d1eaeb9
9d1aaebe
9d16aec3
9d12aec8
9d0eaecd
9d0baed2
9d07aed6
9d03aedb
9cffaee0
9cfbaee5
9cf7aeea
9cf3aeef
9cefaef4
9cebaef8
9ce7aefd
9ce3af02
9cdfaf07
9cdbaf0c
9cd7af11
9cd3af16
9ccfaf1b
9ccbaf1f
9cc7af24
9cc3af29
9cbfaf2e
9cbbaf33
9cb7af38
9cb3af3d
9cafaf41
9cabaf46
9ca7af4b
9ca3af50
9c9faf55
9c9baf5a
9c97af5f
9c93af64
9c8faf69
9c8baf6d
9c88af72
9c84af77
9c80af7c
9c7caf81
9c78af86
9c74af8b
9c70af90
9c6caf94
9c68af99
9c64af9e
9c60afa3
9c5cafa8
9c58afad
9c54afb2
9c50afb7
9c4cafbc
9c48afc0
9c44afc5
9c40afca
9c3dafcf
9c39afd4
9c35afd9
9c31afde
9c2dafe3
9c29afe8
9c25afed
9c21aff1
9c1daff6
9c19affb
9c15b000
9c11b005
9c0db00a
9c09b00f
9c06b014
9c02b019
9bfeb01e
9bfab023
9bf6b027
9bf2b02c
9beeb031
9beab036
9be6b03b
9be2b040
9bdeb045
9bdab04a
9bd7b04f
9bd3b054
9bcfb059
9bcbb05e
9bc7b062
9bc3b067
9bbfb06c
9bbbb071
9bb7b076
9bb3b07b
9bafb080
9bacb085
9ba8b08a
9ba4b08f
9ba0b094
9b9cb099
9b98b09e
9b94b0a2
9b90b0a7
9b8cb0ac
9b88b0b1
9b85b0b6
9b81b0bb
9b7db0c0
9b79b0c5
9b75b0ca
9b71b0cf
9b6db0d4
9b69b0d9
9b65b0de
9b62b0e3
9b5eb0e8
9b5ab0ec
9b56b0f1
9b52b0f6
9b4eb0fb
9b4ab100
9b46b105
9b43b10a
9b3fb10f
9b3bb114
9b37b119
9b33b11e
9b2fb123
9b2bb128
9b27b12d
9b24b132
9b20b137
9b1cb13c
9b18b141
9b14b146
9b10b14a
9b0cb14f
9b09b154
9b05b159
9b01b15e
9afdb163
9af9b168
9af5b16d
9af1b172
9aedb177
9aeab17c
9ae6b181
9ae2b186
9adeb18b
9adab190
9ad6b195
9ad3b19a
9acfb19f
9acbb1a4
9ac7b1a9
9ac3b1ae
9abfb1b3
9abbb1b8
9ab8b1bd
9ab4b1c2
9ab0b1c7
9aacb1cc
9aa8b1d1
9aa4b1d6
9aa1b1da
9a9db1df
9a99b1e4
9a95b1e9
9a91b1ee
9a8db1f3
9a8ab1f8
9a86b1fd
9a82b202
9a7eb207
9a7ab20c
9a76b211
9a73b216
9a6fb21b
9a6bb220
9a67b225
9a63b22a
9a60b22f
9a5cb234
9a58b239
9a54b23e
9a50b243
9a4cb248
9a49b24d
9a45b252
9a41b257
9a3db25c
9a39b261
9a36b266
9a32b26b
9a2eb270
9a2ab275
9a26b27a
9a23b27f
9a1fb284
9a1bb289
9a17b28e
9a13b293
9a10b298
9a0cb29d
9a08b2a2
9a04b2a7
9a00b2ac
99fdb2b1
99f9b2b6
99f5b2bb
99f1b2c0
99edb2c5
99eab2ca
99e6b2cf
99e2b2d4
99deb2d9
99dab2de
99d7b2e3
99d3b2e8
99cfb2ed
99cbb2f2
99c7b2f7
99c4b2fc
99c0b301
99bcb306
99b8b30b
99b5b310
99b1b315
99adb31a
99a9b31f
99a5b325
99a2b32a
999eb32f
999ab334
9996b339
9993b33e
998fb343
998bb348
9987b34d
9984b352
9980b357
997cb35c
9978b361
9975b366
9971b36b
996db370
9969b375
9965b37a
9962b37f
995eb384
995ab389
9956b38e
9953b393
994fb398
994bb39d
9947b3a2
9944b3a7
9940b3ac
993cb3b1
9938b3b7
9935b3bc
9931b3c1
992db3c6
992ab3cb
9926b3d0
9922b3d5
991eb3da
991bb3df
9917b3e4
9913b3e9
990fb3ee
990cb3f3
9908b3f8
9904b3fd
9900b402
98fdb407
98f9b40c
98f5b411
98f2b417
98eeb41c
98eab421
98e6b426
98e3b42b
98dfb430
98dbb435
98d7b43a
98d4b43f
98d0b444
98ccb449
98c9b44e
98c5b453
98c1b458
98bdb45d
98bab462
98b6b468
98b2b46d
98afb472
98abb477
98a7b47c
98a3b481
98a0b486
989cb48b
9898b490
9895b495
9891b49a
988db49f
988ab4a4
9886b4aa
9882b4af
987eb4b4
987bb4b9
9877b4be
9873b4c3
9870b4c8
986cb4cd
9868b4d2
9865b4d7
9861b4dc
985db4e1
985ab4e7
9856b4ec
9852b4f1
984eb4f6
984bb4fb
9847b500
9843b505
9840b50a
983cb50f
9838b514
9835b519
9831b51f
982db524
982ab529
9826b52e
9822b533
981fb538
981bb53d
9817b542
9814b547
9810b54c
980cb552
9809b557
9805b55c
9801b561
97feb566
97fab56b
97f6b570
97f3b575
97efb57a
97ebb57f
97e8b585
97e4b58a
97e0b58f
97ddb594
97d9b599
97d5b59e
97d2b5a3
97ceb5a8
97cbb5ae
97c7b5b3
97c3b5b8
97c0b5bd
97bcb5c2
97b8b5c7
97b5b5cc
97b1b5d1
97adb5d6
97aab5dc
97a6b5e1
97a2b5e6
979fb5eb
979bb5f0
9798b5f5
9794b5fa
9790b5ff
978db605
9789b60a
9785b60f
9782b614
977eb619
977ab61e
9777b623
9773b628
9770b62e
976cb633
9768b638
9765b63d
9761b642
975db647
975ab64c
9756b652
9753b657
974fb65c
974bb661
9748b666
9744b66b
9741b670
973db676
9739b67b
9736b680
9732b685
972fb68a
972bb68f
9727b694
9724b69a
9720b69f
971db6a4
9719b6a9
9715b6ae
9712b6b3
970eb6b8
970bb6be
9707b6c3
9703b6c8
9700b6cd
96fcb6d2
96f9b6d7
96f5b6dd
96f1b6e2
96eeb6e7
96eab6ec
96e7b6f1
96e3b6f6
96dfb6fb
96dcb701
96d8b706
96d5b70b
96d1b710
96ceb715
96cab71a
96c6b720
96c3b725
96bfb72a
96bcb72f
96b8b734
96b5b739
96b1b73f
96adb744
96aab749
96a6b74e
96a3b753
969fb758
969cb75e
9698b763
9694b768
9691b76d
968db772
968ab778
9686b77d
9683b782
967fb787
967bb78c
9678b791
9674b797
9671b79c
966db7a1
966ab7a6
9666b7ab
9663b7b1
965fb7b6
965bb7bb
9658b7c0
9654b7c5
9651b7ca
964db7d0
964ab7d5
9646b7da
9643b7df
963fb7e4
963cb7ea
9638b7ef
9635b7f4
9631b7f9
962db7fe
962ab804
9626b809
9623b80e
961fb813
961cb818
9618b81e
9615b823
9611b828
960eb82d
960ab832
9607b838
9603b83d
9600b842
95fcb847
95f9b84c
95f5b852
95f2b857
95eeb85c
95eab861
95e7b866
95e3b86c
95e0b871
95dcb876
95d9b87b
95d5b880
95d2b886
95ceb88b
95cbb890
95c7b895
95c4b89a
95c0b8a0
95bdb8a5
95b9b8aa
95b6b8af
95b2b8b5
95afb8ba
95abb8bf
95a8b8c4
95a4b8c9
95a1b8cf
959db8d4
959ab8d9
9596b8de
9593b8e4
958fb8e9
958cb8ee
9588b8f3
9585b8f8
9581b8fe
957eb903
957ab908
9577b90d
9574b913
9570b918
956db91d
9569b922
9566b928
9562b92d
955fb932
955bb937
9558b93c
9554b942
9551b947
954db94c
954ab951
9546b957
9543b95c
953fb961
953cb966
9538b96c
9535b971
9532b976
952eb97b
952bb981
9527b986
9524b98b
9520b990
951db996
9519b99b
9516b9a0
9512b9a5
950fb9ab
950cb9b0
9508b9b5
9505b9ba
9501b9c0
94feb9c5
94fab9ca
94f7b9cf
94f3b9d5
94f0b9da
94edb9df
94e9b9e4
94e6b9ea
94e2b9ef
94dfb9f4
94dbb9f9
94d8b9ff
94d4ba04
94d1ba09
94ceba0e
94caba14
94c7ba19
94c3ba1e
94c0ba23
94bcba29
94b9ba2e
94b6ba33
94b2ba39
94afba3e
94abba43
94a8ba48
94a4ba4e
94a1ba53
949eba58
949aba5d
9497ba63
9493ba68
9490ba6d
948dba73
9489ba78
9486ba7d
9482ba82
947fba88
947bba8d
9478ba92
9475ba97
9471ba9d
946ebaa2
946abaa7
9467baad
9464bab2
9460bab7
945dbabc
9459bac2
9456bac7
9453bacc
944fbad2
944cbad7
9448badc
9445bae1
9442bae7
943ebaec
943bbaf1
9437baf7
9434bafc
9431bb01
942dbb06
942abb0c
9427bb11
9423bb16
9420bb1c
941cbb21
9419bb26
9416bb2c
9412bb31
940fbb36
940bbb3b
9408bb41
9405bb46
9401bb4b
93febb51
93fbbb56
93f7bb5b
93f4bb61
93f1bb66
93edbb6b
93eabb70
93e6bb76
93e3bb7b
93e0bb80
93dcbb86
93d9bb8b
93d6bb90
93d2bb96
93cfbb9b
93ccbba0
93c8bba6
93c5bbab
93c1bbb0
93bebbb5
93bbbbbb
93b7bbc0
93b4bbc5
93b1bbcb
93adbbd0
93aabbd5
93a7bbdb
93a3bbe0
93a0bbe5
939dbbeb
9399bbf0
9396bbf5
9393bbfb
938fbc00
938cbc05
9389bc0b
9385bc10
9382bc15
937fbc1b
937bbc20
9378bc25
9375bc2b
9371bc30
936ebc35
936bbc3b
9367bc40
9364bc45
9361bc4b
935dbc50
935abc55
9357bc5b
9353bc60
9350bc65
934dbc6b
9349bc70
9346bc75
9343bc7b
933fbc80
933cbc85
9339bc8b
9336bc90
9332bc95
932fbc9b
932cbca0
9328bca5
9325bcab
9322bcb0
931ebcb5
931bbcbb
9318bcc0
9314bcc5
9311bccb
930ebcd0
930bbcd5
9307bcdb
9304bce0
9301bce5
92fdbceb
92fabcf0
92f7bcf5
92f4bcfb
92f0bd00
92edbd06
92eabd0b
92e6bd10
92e3bd16
92e0bd1b
92ddbd20
92d9bd26
92d6bd2b
92d3bd30
92cfbd36
92ccbd3b
92c9bd40
92c6bd46
92c2bd4b
92bfbd51
92bcbd56
92b8bd5b
92b5bd61
92b2bd66
92afbd6b
92abbd71
92a8bd76
92a5bd7c
92a2bd81
929ebd86
929bbd8c
9298bd91
9295bd96
9291bd9c
928ebda1
928bbda6
9288bdac
9284bdb1
9281bdb7
927ebdbc
927bbdc1
9277bdc7
9274bdcc
9271bdd1
926ebdd7
926abddc
9267bde2
9264bde7
9261bdec
925dbdf2
925abdf7
9257bdfd
9254be02
9250be07
924dbe0d
924abe12
9247be17
9243be1d
9240be22
923dbe28
923abe2d
9236be32
9233be38
9230be3d
922dbe43
922abe48
9226be4d
9223be53
9220be58
921dbe5e
9219be63
9216be68
9213be6e
9210be73
920dbe78
9209be7e
9206be83
9203be89
9200be8e
91fcbe93
91f9be99
91f6be9e
91f3bea4
91f0bea9
91ecbeae
91e9beb4
91e6beb9
91e3bebf
91e0bec4
91dcbeca
91d9becf
91d6bed4
91d3beda
91d0bedf
91ccbee5
91c9beea
91c6beef
91c3bef5
91c0befa
91bcbf00
91b9bf05
91b6bf0a
91b3bf10
91b0bf15
91adbf1b
91a9bf20
91a6bf26
91a3bf2b
91a0bf30
919dbf36
9199bf3b
9196bf41
9193bf46
9190bf4b
918dbf51
918abf56
9186bf5c
9183bf61
9180bf67
917dbf6c
917abf71
9177bf77
9173bf7c
9170bf82
916dbf87
916abf8d
9167bf92
9164bf97
9160bf9d
915dbfa2
915abfa8
9157bfad
9154bfb3
9151bfb8
914dbfbd
914abfc3
9147bfc8
9144bfce
9141bfd3
913ebfd9
913abfde
9137bfe3
9134bfe9
9131bfee
912ebff4
912bbff9
9128bfff
9124c004
9121c00a
911ec00f
911bc014
9118c01a
9115c01f
9112c025
910fc02a
910bc030
9108c035
9105c03b
9102c040
90ffc045
90fcc04b
90f9c050
90f5c056
90f2c05b
90efc061
90ecc066
90e9c06c
90e6c071
90e3c077
90e0c07c
90ddc081
90d9c087
90d6c08c
90d3c092
90d0c097
90cdc09d
90cac0a2
90c7c0a8
90c4c0ad
90c1c0b3
90bdc0b8
90bac0bd
90b7c0c3
90b4c0c8
90b1c0ce
90aec0d3
90abc0d9
90a8c0de
90a5c0e4
90a1c0e9
909ec0ef
909bc0f4
9098c0fa
9095c0ff
9092c105
908fc10a
908cc10f
9089c115
9086c11a
9083c120
907fc125
907cc12b
9079c130
9076c136
9073c13b
9070c141
906dc146
906ac14c
9067c151
9064c157
9061c15c
905ec162
905bc167
9057c16d
9054c172
9051c178
904ec17d
904bc183
9048c188
9045c18d
9042c193
903fc198
903cc19e
9039c1a3
9036c1a9
9033c1ae
9030c1b4
902dc1b9
902ac1bf
9026c1c4
9023c1ca
9020c1cf
901dc1d5
901ac1da
9017c1e0
9014c1e5
9011c1eb
900ec1f0
900bc1f6
9008c1fb
9005c201
9002c206
8fffc20c
8ffcc211
8ff9c217
8ff6c21c
8ff3c222
8ff0c227
8fedc22d
8feac232
8fe7c238
8fe3c23d
8fe0c243
8fddc248
8fdac24e
8fd7c253
8fd4c259
8fd1c25e
8fcec264
8fcbc269
8fc8c26f
8fc5c274
8fc2c27a
8fbfc27f
8fbcc285
8fb9c28a
8fb6c290
8fb3c295
8fb0c29b
8fadc2a0
8faac2a6
8fa7c2ab
8fa4c2b1
8fa1c2b7
8f9ec2bc
8f9bc2c2
8f98c2c7
8f95c2cd
8f92c2d2
8f8fc2d8
8f8cc2dd
8f89c2e3
8f86c2e8
8f83c2ee
8f80c2f3
8f7dc2f9
8f7ac2fe
8f77c304
8f74c309
8f71c30f
8f6ec314
8f6bc31a
8f68c31f
8f65c325
8f62c32a
8f5fc330
8f5cc336
8f59c33b
8f56c341
8f53c346
8f50c34c
8f4dc351
8f4ac357
8f47c35c
8f44c362
8f41c367
8f3ec36d
8f3bc372
8f38c378
8f35c37d
8f32c383
8f2fc389
8f2dc38e
8f2ac394
8f27c399
8f24c39f
8f21c3a4
8f1ec3aa
8f1bc3af
8f18c3b5
8f15c3ba
8f12c3c0
8f0fc3c5
8f0cc3cb
8f09c3d1
8f06c3d6
8f03c3dc
8f00c3e1
8efdc3e7
8efac3ec
8ef7c3f2
8ef4c3f7
8ef1c3fd
8eeec403
8eecc408
8ee9c40e
8ee6c413
8ee3c419
8ee0c41e
8eddc424
8edac429
8ed7c42f
8ed4c434
8ed1c43a
8ecec440
8ecbc445
8ec8c44b
8ec5c450
8ec2c456
8ebfc45b
8ebdc461
8ebac467
8eb7c46c
8eb4c472
8eb1c477
8eaec47d
8eabc482
8ea8c488
8ea5c48d
8ea2c493
8e9fc499
8e9cc49e
8e99c4a4
8e97c4a9
8e94c4af
8e91c4b4
8e8ec4ba
8e8bc4c0
8e88c4c5
8e85c4cb
8e82c4d0
8e7fc4d6
8e7cc4db
8e7ac4e1
8e77c4e7
8e74c4ec
8e71c4f2
8e6ec4f7
8e6bc4fd
8e68c502
8e65c508
8e62c50e
8e5fc513
8e5dc519
8e5ac51e
8e57c524
8e54c529
8e51c52f
8e4ec535
8e4bc53a
8e48c540
8e45c545
8e43c54b
8e40c551
8e3dc556
8e3ac55c
8e37c561
8e34c567
8e31c56c
8e2ec572
8e2cc578
8e29c57d
8e26c583
8e23c588
8e20c58e
8e1dc594
8e1ac599
8e17c59f
8e15c5a4
8e12c5aa
8e0fc5b0
8e0cc5b5
8e09c5bb
8e06c5c0
8e03c5c6
8e01c5cc
8dfec5d1
8dfbc5d7
8df8c5dc
8df5c5e2
8df2c5e7
8defc5ed
8dedc5f3
8deac5f8
8de7c5fe
8de4c603
8de1c609
8ddec60f
8ddcc614
8dd9c61a
8dd6c620
8dd3c625
8dd0c62b
8dcdc630
8dcac636
8dc8c63c
8dc5c641
8dc2c647
8dbfc64c
8dbcc652
8db9c658
8db7c65d
8db4c663
8db1c668
8daec66e
8dabc674
8da9c679
8da6c67f
8da3c684
8da0c68a
8d9dc690
8d9ac695
8d98c69b
8d95c6a1
8d92c6a6
8d8fc6ac
8d8cc6b1
8d8ac6b7
8d87c6bd
8d84c6c2
8d81c6c8
8d7ec6ce
8d7bc6d3
8d79c6d9
8d76c6de
8d73c6e4
8d70c6ea
8d6dc6ef
8d6bc6f5
8d68c6fa
8d65c700
8d62c706
8d5fc70b
8d5dc711
8d5ac717
8d57c71c
8d54c722
8d51c728
8d4fc72d
8d4cc733
8d49c738
8d46c73e
8d44c744
8d41c749
8d3ec74f
8d3bc755
8d38c75a
8d36c760
8d33c765
8d30c76b
8d2dc771
8d2bc776
8d28c77c
8d25c782
8d22c787
8d1fc78d
8d1dc793
8d1ac798
8d17c79e
8d14c7a3
8d12c7a9
8d0fc7af
8d0cc7b4
8d09c7ba
8d07c7c0
8d04c7c5
8d01c7cb
8cfec7d1
8cfbc7d6
8cf9c7dc
8cf6c7e2
8cf3c7e7
8cf0c7ed
8ceec7f3
8cebc7f8
8ce8c7fe
8ce5c803
8ce3c809
8ce0c80f
8cddc814
8cdac81a
8cd8c820
8cd5c825
8cd2c82b
8cd0c831
8ccdc836
8ccac83c
8cc7c842
8cc5c847
8cc2c84d
8cbfc853
8cbcc858
8cbac85e
8cb7c864
8cb4c869
8cb1c86f
8cafc875
8cacc87a
8ca9c880
8ca7c886
8ca4c88b
8ca1c891
8c9ec897
8c9cc89c
8c99c8a2
8c96c8a8
8c94c8ad
8c91c8b3
8c8ec8b9
8c8bc8be
8c89c8c4
8c86c8ca
8c83c8cf
8c81c8d5
8c7ec8db
8c7bc8e0
8c78c8e6
8c76c8ec
8c73c8f1
8c70c8f7
8c6ec8fd
8c6bc902
8c68c908
8c65c90e
8c63c913
8c60c919
8c5dc91f
8c5bc924
8c58c92a
8c55c930
8c53c935
8c50c93b
8c4dc941
8c4bc946
8c48c94c
8c45c952
8c43c957
8c40c95d
8c3dc963
8c3ac968
8c38c96e
8c35c974
8c32c97a
8c30c97f
8c2dc985
8c2ac98b
8c28c990
8c25c996
8c22c99c
8c20c9a1
8c1dc9a7
8c1ac9ad
8c18c9b2
8c15c9b8
8c12c9be
8c10c9c3
8c0dc9c9
8c0ac9cf
8c08c9d5
8c05c9da
8c02c9e0
8c00c9e6
8bfdc9eb
8bfac9f1
8bf8c9f7
8bf5c9fc
8bf3ca02
8bf0ca08
8bedca0d
8bebca13
8be8ca19
8be5ca1f
8be3ca24
8be0ca2a
8bddca30
8bdbca35
8bd8ca3b
8bd5ca41
8bd3ca46
8bd0ca4c
8bceca52
8bcbca58
8bc8ca5d
8bc6ca63
8bc3ca69
8bc0ca6e
8bbeca74
8bbbca7a
8bb8ca80
8bb6ca85
8bb3ca8b
8bb1ca91
8baeca96
8babca9c
8ba9caa2
8ba6caa8
8ba3caad
8ba1cab3
8b9ecab9
8b9ccabe
8b99cac4
8b96caca
8b94cad0
8b91cad5
8b8fcadb
8b8ccae1
8b89cae6
8b87caec
8b84caf2
8b82caf8
8b7fcafd
8b7ccb03
8b7acb09
8b77cb0e
8b75cb14
8b72cb1a
8b6fcb20
8b6dcb25
8b6acb2b
8b68cb31
8b65cb36
8b62cb3c
8b60cb42
8b5dcb48
8b5bcb4d
8b58cb53
8b55cb59
8b53cb5f
8b50cb64
8b4ecb6a
8b4bcb70
8b49cb75
8b46cb7b
8b43cb81
8b41cb87
8b3ecb8c
8b3ccb92
8b39cb98
8b37cb9e
8b34cba3
8b31cba9
8b2fcbaf
8b2ccbb5
8b2acbba
8b27cbc0
8b25cbc6
8b22cbcb
8b1fcbd1
8b1dcbd7
8b1acbdd
8b18cbe2
8b15cbe8
8b13cbee
8b10cbf4
8b0ecbf9
8b0bcbff
8b08cc05
8b06cc0b
8b03cc10
8b01cc16
8afecc1c
8afccc22
8af9cc27
8af7cc2d
8af4cc33
8af1cc39
8aefcc3e
8aeccc44
8aeacc4a
8ae7cc50
8ae5cc55
8ae2cc5b
8ae0cc61
8addcc67
8adbcc6c
8ad8cc72
8ad6cc78
8ad3cc7e
8ad1cc83
8acecc89
8acbcc8f
8ac9cc95
8ac6cc9a
8ac4cca0
8ac1cca6
8abfccac
8abcccb1
8abaccb7
8ab7ccbd
8ab5ccc3
8ab2ccc8
8ab0ccce
8aadccd4
8aabccda
8aa8ccdf
8aa6cce5
8aa3cceb
8aa1ccf1
8a9eccf6
8a9cccfc
8a99cd02
8a97cd08
8a94cd0d
8a92cd13
8a8fcd19
8a8dcd1f
8a8acd25
8a88cd2a
8a85cd30
8a83cd36
8a80cd3c
8a7ecd41
8a7bcd47
8a79cd4d
8a76cd53
8a74cd58
8a71cd5e
8a6fcd64
8a6ccd6a
8a6acd70
8a67cd75
8a65cd7b
8a62cd81
8a60cd87
8a5dcd8c
8a5bcd92
8a59cd98
8a56cd9e
8a54cda3
8a51cda9
8a4fcdaf
8a4ccdb5
8a4acdbb
8a47cdc0
8a45cdc6
8a42cdcc
8a40cdd2
8a3dcdd8
8a3bcddd
8a38cde3
8a36cde9
8a34cdef
8a31cdf4
8a2fcdfa
8a2cce00
8a2ace06
8a27ce0c
8a25ce11
8a22ce17
8a20ce1d
8a1dce23
8a1bce28
8a19ce2e
8a16ce34
8a14ce3a
8a11ce40
8a0fce45
8a0cce4b
8a0ace51
8a07ce57
8a05ce5d
8a03ce62
8a00ce68
89fece6e
89fbce74
89f9ce7a
89f6ce7f
89f4ce85
89f2ce8b
89efce91
89edce97
89eace9c
89e8cea2
89e5cea8
89e3ceae
89e1ceb4
89deceb9
89dccebf
89d9cec5
89d7cecb
89d4ced1
89d2ced6
89d0cedc
89cdcee2
89cbcee8
89c8ceee
89c6cef3
89c4cef9
89c1ceff
89bfcf05
89bccf0b
89bacf10
89b8cf16
89b5cf1c
89b3cf22
89b0cf28
89aecf2d
89accf33
89a9cf39
89a7cf3f
89a4cf45
89a2cf4a
89a0cf50
899dcf56
899bcf5c
8998cf62
8996cf67
8994cf6d
8991cf73
898fcf79
898dcf7f
898acf85
8988cf8a
8985cf90
8983cf96
8981cf9c
897ecfa2
897ccfa7
897acfad
8977cfb3
8975cfb9
8972cfbf
8970cfc5
896ecfca
896bcfd0
8969cfd6
8967cfdc
8964cfe2
8962cfe7
8960cfed
895dcff3
895bcff9
8958cfff
8956d005
8954d00a
8951d010
894fd016
894dd01c
894ad022
8948d028
8946d02d
8943d033
8941d039
893fd03f
893cd045
893ad04b
8938d050
8935d056
8933d05c
8931d062
892ed068
892cd06e
892ad073
8927d079
8925d07f
8923d085
8920d08b
891ed091
891cd096
8919d09c
8917d0a2
8915d0a8
8912d0ae
8910d0b4
890ed0b9
890bd0bf
8909d0c5
8907d0cb
8904d0d1
8902d0d7
8900d0dc
88fdd0e2
88fbd0e8
88f9d0ee
88f6d0f4
88f4d0fa
88f2d0ff
88f0d105
88edd10b
88ebd111
88e9d117
88e6d11d
88e4d123
88e2d128
88dfd12e
88ddd134
88dbd13a
88d9d140
88d6d146
88d4d14b
88d2d151
88cfd157
88cdd15d
88cbd163
88c8d169
88c6d16f
88c4d174
88c2d17a
88bfd180
88bdd186
88bbd18c
88b9d192
88b6d198
88b4d19d
88b2d1a3
88afd1a9
88add1af
88abd1b5
88a9d1bb
88a6d1c1
88a4d1c6
88a2d1cc
88a0d1d2
889dd1d8
889bd1de
8899d1e4
8896d1ea
8894d1ef
8892d1f5
8890d1fb
888dd201
888bd207
8889d20d
8887d213
8884d219
8882d21e
8880d224
887ed22a
887bd230
8879d236
8877d23c
8875d242
8872d247
8870d24d
886ed253
886cd259
8869d25f
8867d265
8865d26b
8863d271
8860d276
885ed27c
885cd282
885ad288
8858d28e
8855d294
8853d29a
8851d2a0
884fd2a5
884cd2ab
884ad2b1
8848d2b7
8846d2bd
8844d2c3
8841d2c9
883fd2cf
883dd2d4
883bd2da
8838d2e0
8836d2e6
8834d2ec
8832d2f2
8830d2f8
882dd2fe
882bd303
8829d309
8827d30f
8825d315
8822d31b
8820d321
881ed327
881cd32d
881ad333
8817d338
8815d33e
8813d344
8811d34a
880fd350
880cd356
880ad35c
8808d362
8806d368
8804d36d
8801d373
87ffd379
87fdd37f
87fbd385
87f9d38b
87f6d391
87f4d397
87f2d39d
87f0d3a2
87eed3a8
87ecd3ae
87e9d3b4
87e7d3ba
87e5d3c0
87e3d3c6
87e1d3cc
87dfd3d2
87dcd3d7
87dad3dd
87d8d3e3
87d6d3e9
87d4d3ef
87d2d3f5
87cfd3fb
87cdd401
87cbd407
87c9d40d
87c7d412
87c5d418
87c2d41e
87c0d424
87bed42a
87bcd430
87bad436
87b8d43c
87b6d442
87b3d448
87b1d44e
87afd453
87add459
87abd45f
87a9d465
87a7d46b
87a4d471
87a2d477
87a0d47d
879ed483
879cd489
879ad48f
8798d494
8795d49a
8793d4a0
8791d4a6
878fd4ac
878dd4b2
878bd4b8
8789d4be
8787d4c4
8784d4ca
8782d4d0
8780d4d5
877ed4db
877cd4e1
877ad4e7
8778d4ed
8776d4f3
8774d4f9
8771d4ff
876fd505
876dd50b
876bd511
8769d517
8767d51c
8765d522
8763d528
8761d52e
875ed534
875cd53a
875ad540
8758d546
8756d54c
8754d552
8752d558
8750d55e
874ed564
874cd569
874ad56f
8747d575
8745d57b
8743d581
8741d587
873fd58d
873dd593
873bd599
8739d59f
8737d5a5
8735d5ab
8733d5b1
8731d5b7
872ed5bc
872cd5c2
872ad5c8
8728d5ce
8726d5d4
8724d5da
8722d5e0
8720d5e6
871ed5ec
871cd5f2
871ad5f8
8718d5fe
8716d604
8714d60a
8712d610
870fd615
870dd61b
870bd621
8709d627
8707d62d
8705d633
8703d639
8701d63f
86ffd645
86fdd64b
86fbd651
86f9d657
86f7d65d
86f5d663
86f3d669
86f1d66f
86efd675
86edd67a
86ebd680
86e9d686
86e7d68c
86e4d692
86e2d698
86e0d69e
86ded6a4
86dcd6aa
86dad6b0
86d8d6b6
86d6d6bc
86d4d6c2
86d2d6c8
86d0d6ce
86ced6d4
86ccd6da
86cad6e0
86c8d6e5
86c6d6eb
86c4d6f1
86c2d6f7
86c0d6fd
86bed703
86bcd709
86bad70f
86b8d715
86b6d71b
86b4d721
86b2d727
86b0d72d
86aed733
86acd739
86aad73f
86a8d745
86a6d74b
86a4d751
86a2d757
86a0d75d
869ed763
869cd768
869ad76e
8698d774
8696d77a
8694d780
8692d786
8690d78c
868ed792
868cd798
868ad79e
8688d7a4
8686d7aa
8684d7b0
8682d7b6
8680d7bc
867ed7c2
867cd7c8
867ad7ce
8678d7d4
8676d7da
8674d7e0
8672d7e6
8670d7ec
866ed7f2
866dd7f8
866bd7fe
8669d804
8667d80a
8665d80f
8663d815
8661d81b
865fd821
865dd827
865bd82d
8659d833
8657d839
8655d83f
8653d845
8651d84b
864fd851
864dd857
864bd85d
8649d863
8647d869
8645d86f
8644d875
8642d87b
8640d881
863ed887
863cd88d
863ad893
8638d899
8636d89f
8634d8a5
8632d8ab
8630d8b1
862ed8b7
862cd8bd
862ad8c3
8628d8c9
8627d8cf
8625d8d5
8623d8db
8621d8e1
861fd8e7
861dd8ed
861bd8f3
8619d8f9
8617d8ff
8615d905
8613d90b
8611d911
8610d917
860ed91c
860cd922
860ad928
8608d92e
8606d934
8604d93a
8602d940
8600d946
85fed94c
85fcd952
85fbd958
85f9d95e
85f7d964
85f5d96a
85f3d970
85f1d976
85efd97c
85edd982
85ebd988
85ead98e
85e8d994
85e6d99a
85e4d9a0
85e2d9a6
85e0d9ac
85ded9b2
85dcd9b8
85dad9be
85d9d9c4
85d7d9ca
85d5d9d0
85d3d9d6
85d1d9dc
85cfd9e2
85cdd9e8
85cbd9ee
85cad9f4
85c8d9fa
85c6da00
85c4da06
85c2da0c
85c0da12
85beda18
85bdda1e
85bbda24
85b9da2a
85b7da30
85b5da36
85b3da3c
85b1da42
85b0da48
85aeda4e
85acda54
85aada5a
85a8da60
85a6da66
85a4da6c
85a3da72
85a1da78
859fda7e
859dda84
859bda8a
8599da90
8598da96
8596da9c
8594daa2
8592daa8
8590daae
858edab4
858ddaba
858bdac0
8589dac6
8587dacc
8585dad2
8583dad8
8582dade
8580dae4
857edaea
857cdaf1
857adaf7
8579dafd
8577db03
8575db09
8573db0f
8571db15
856fdb1b
856edb21
856cdb27
856adb2d
8568db33
8566db39
8565db3f
8563db45
8561db4b
855fdb51
855ddb57
855cdb5d
855adb63
8558db69
8556db6f
8554db75
8553db7b
8551db81
854fdb87
854ddb8d
854bdb93
854adb99
8548db9f
8546dba5
8544dbab
8543dbb1
8541dbb7
853fdbbd
853ddbc3
853bdbc9
853adbcf
8538dbd5
8536dbdb
8534dbe1
8533dbe7
8531dbed
852fdbf3
852ddbf9
852bdbff
852adc06
8528dc0c
8526dc12
8524dc18
8523dc1e
8521dc24
851fdc2a
851ddc30
851cdc36
851adc3c
8518dc42
8516dc48
8515dc4e
8513dc54
8511dc5a
850fdc60
850edc66
850cdc6c
850adc72
8508dc78
8507dc7e
8505dc84
8503dc8a
8501dc90
8500dc96
84fedc9c
84fcdca2
84fadca8
84f9dcae
84f7dcb5
84f5dcbb
84f4dcc1
84f2dcc7
84f0dccd
84eedcd3
84eddcd9
84ebdcdf
84e9dce5
84e7dceb
84e6dcf1
84e4dcf7
84e2dcfd
84e1dd03
84dfdd09
84dddd0f
84dbdd15
84dadd1b
84d8dd21
84d6dd27
84d5dd2d
84d3dd33
84d1dd39
84cfdd40
84cedd46
84ccdd4c
84cadd52
84c9dd58
84c7dd5e
84c5dd64
84c4dd6a
84c2dd70
84c0dd76
84bedd7c
84bddd82
84bbdd88
84b9dd8e
84b8dd94
84b6dd9a
84b4dda0
84b3dda6
84b1ddac
84afddb2
84aeddb9
84acddbf
84aaddc5
84a9ddcb
84a7ddd1
84a5ddd7
84a3dddd
84a2dde3
84a0dde9
849eddef
849dddf5
849bddfb
8499de01
8498de07
8496de0d
8494de13
8493de19
8491de1f
848fde26
848ede2c
848cde32
848ade38
8489de3e
8487de44
8486de4a
8484de50
8482de56
8481de5c
847fde62
847dde68
847cde6e
847ade74
8478de7a
8477de80
8475de87
8473de8d
8472de93
8470de99
846ede9f
846ddea5
846bdeab
846adeb1
8468deb7
8466debd
8465dec3
8463dec9
8461decf
8460ded5
845ededb
845cdee2
845bdee8
8459deee
8458def4
8456defa
8454df00
8453df06
8451df0c
8450df12
844edf18
844cdf1e
844bdf24
8449df2a
8447df30
8446df37
8444df3d
8443df43
8441df49
843fdf4f
843edf55
843cdf5b
843bdf61
8439df67
8437df6d
8436df73
8434df79
8433df7f
8431df86
842fdf8c
842edf92
842cdf98
842bdf9e
8429dfa4
8427dfaa
8426dfb0
8424dfb6
8423dfbc
8421dfc2
8420dfc8
841edfce
841cdfd5
841bdfdb
8419dfe1
8418dfe7
8416dfed
8415dff3
8413dff9
8411dfff
8410e005
840ee00b
840de011
840be017
840ae01e
8408e024
8406e02a
8405e030
8403e036
8402e03c
8400e042
83ffe048
83fde04e
83fbe054
83fae05a
83f8e061
83f7e067
83f5e06d
83f4e073
83f2e079
83f1e07f
83efe085
83eee08b
83ece091
83eae097
83e9e09d
83e7e0a3
83e6e0aa
83e4e0b0
83e3e0b6
83e1e0bc
83e0e0c2
83dee0c8
83dde0ce
83dbe0d4
83dae0da
83d8e0e0
83d7e0e7
83d5e0ed
83d3e0f3
83d2e0f9
83d0e0ff
83cfe105
83cde10b
83cce111
83cae117
83c9e11d
83c7e123
83c6e12a
83c4e130
83c3e136
83c1e13c
83c0e142
83bee148
83bde14e
83bbe154
83bae15a
83b8e160
83b7e167
83b5e16d
83b4e173
83b2e179
83b1e17f
83afe185
83aee18b
83ace191
83abe197
83a9e19e
83a8e1a4
83a6e1aa
83a5e1b0
83a3e1b6
83a2e1bc
83a0e1c2
839fe1c8
839de1ce
839ce1d4
839ae1db
8399e1e1
8397e1e7
8396e1ed
8394e1f3
8393e1f9
8392e1ff
8390e205
838fe20b
838de212
838ce218
838ae21e
8389e224
8387e22a
8386e230
8384e236
8383e23c
8381e242
8380e249
837ee24f
837de255
837ce25b
837ae261
8379e267
8377e26d
8376e273
8374e279
8373e280
8371e286
8370e28c
836fe292
836de298
836ce29e
836ae2a4
8369e2aa
8367e2b0
8366e2b7
8364e2bd
8363e2c3
8362e2c9
8360e2cf
835fe2d5
835de2db
835ce2e1
835ae2e8
8359e2ee
8358e2f4
8356e2fa
8355e300
8353e306
8352e30c
8350e312
834fe318
834ee31f
834ce325
834be32b
8349e331
8348e337
8347e33d
8345e343
8344e349
8342e350
8341e356
833fe35c
833ee362
833de368
833be36e
833ae374
8338e37a
8337e381
8336e387
8334e38d
8333e393
8331e399
8330e39f
832fe3a5
832de3ab
832ce3b2
832be3b8
8329e3be
8328e3c4
8326e3ca
8325e3d0
8324e3d6
8322e3dc
8321e3e3
831fe3e9
831ee3ef
831de3f5
831be3fb
831ae401
8319e407
8317e40e
8316e414
8314e41a
8313e420
8312e426
8310e42c
830fe432
830ee438
830ce43f
830be445
830ae44b
8308e451
8307e457
8305e45d
8304e463
8303e46a
8301e470
8300e476
82ffe47c
82fde482
82fce488
82fbe48e
82f9e494
82f8e49b
82f7e4a1
82f5e4a7
82f4e4ad
82f3e4b3
82f1e4b9
82f0e4bf
82efe4c6
82ede4cc
82ece4d2
82ebe4d8
82e9e4de
82e8e4e4
82e7e4ea
82e5e4f1
82e4e4f7
82e3e4fd
82e1e503
82e0e509
82dfe50f
82dde515
82dce51c
82dbe522
82d9e528
82d8e52e
82d7e534
82d5e53a
82d4e540
82d3e547
82d1e54d
82d0e553
82cfe559
82cee55f
82cce565
82cbe56b
82cae572
82c8e578
82c7e57e
82c6e584
82c4e58a
82c3e590
82c2e596
82c1e59d
82bfe5a3
82bee5a9
82bde5af
82bbe5b5
82bae5bb
82b9e5c2
82b7e5c8
82b6e5ce
82b5e5d4
82b4e5da
82b2e5e0
82b1e5e6
82b0e5ed
82aee5f3
82ade5f9
82ace5ff
82abe605
82a9e60b
82a8e611
82a7e618
82a6e61e
82a4e624
82a3e62a
82a2e630
82a0e636
829fe63d
829ee643
829de649
829be64f
829ae655
8299e65b
8298e661
8296e668
8295e66e
8294e674
8293e67a
8291e680
8290e686
828fe68d
828ee693
828ce699
828be69f
828ae6a5
8289e6ab
8287e6b2
8286e6b8
8285e6be
8284e6c4
8282e6ca
8281e6d0
8280e6d6
827fe6dd
827ee6e3
827ce6e9
827be6ef
827ae6f5
8279e6fb
8277e702
8276e708
8275e70e
8274e714
8272e71a
8271e720
8270e727
826fe72d
826ee733
826ce739
826be73f
826ae745
8269e74c
8268e752
8266e758
8265e75e
8264e764
8263e76a
8261e771
8260e777
825fe77d
825ee783
825de789
825be78f
825ae796
8259e79c
8258e7a2
8257e7a8
8255e7ae
8254e7b4
8253e7bb
8252e7c1
8251e7c7
8250e7cd
824ee7d3
824de7d9
824ce7e0
824be7e6
824ae7ec
8248e7f2
8247e7f8
8246e7fe
8245e805
8244e80b
8243e811
8241e817
8240e81d
823fe823
823ee82a
823de830
823be836
823ae83c
8239e842
8238e849
8237e84f
8236e855
8234e85b
8233e861
8232e867
8231e86e
8230e874
822fe87a
822ee880
822ce886
822be88c
822ae893
8229e899
8228e89f
8227e8a5
8226e8ab
8224e8b2
8223e8b8
8222e8be
8221e8c4
8220e8ca
821fe8d0
821ee8d7
821ce8dd
821be8e3
821ae8e9
8219e8ef
8218e8f6
8217e8fc
8216e902
8214e908
8213e90e
8212e914
8211e91b
8210e921
820fe927
820ee92d
820de933
820be93a
820ae940
8209e946
8208e94c
8207e952
8206e958
8205e95f
8204e965
8203e96b
8201e971
8200e977
81ffe97e
81fee984
81fde98a
81fce990
81fbe996
81fae99c
81f9e9a3
81f8e9a9
81f6e9af
81f5e9b5
81f4e9bb
81f3e9c2
81f2e9c8
81f1e9ce
81f0e9d4
81efe9da
81eee9e1
81ede9e7
81ece9ed
81eae9f3
81e9e9f9
81e8e9ff
81e7ea06
81e6ea0c
81e5ea12
81e4ea18
81e3ea1e
81e2ea25
81e1ea2b
81e0ea31
81dfea37
81deea3d
81dcea44
81dbea4a
81daea50
81d9ea56
81d8ea5c
81d7ea63
81d6ea69
81d5ea6f
81d4ea75
81d3ea7b
81d2ea81
81d1ea88
81d0ea8e
81cfea94
81ceea9a
81cdeaa0
81cceaa7
81cbeaad
81c9eab3
81c8eab9
81c7eabf
81c6eac6
81c5eacc
81c4ead2
81c3ead8
81c2eade
81c1eae5
81c0eaeb
81bfeaf1
81beeaf7
81bdeafd
81bceb04
81bbeb0a
81baeb10
81b9eb16
81b8eb1c
81b7eb23
81b6eb29
81b5eb2f
81b4eb35
81b3eb3b
81b2eb42
81b1eb48
81b0eb4e
81afeb54
81aeeb5a
81adeb61
81aceb67
81abeb6d
81aaeb73
81a9eb79
81a8eb80
81a7eb86
81a6eb8c
81a5eb92
81a4eb98
81a3eb9f
81a2eba5
81a1ebab
81a0ebb1
819febb7
819eebbe
819debc4
819cebca
819bebd0
819aebd6
8199ebdd
8198ebe3
8197ebe9
8196ebef
8195ebf5
8194ebfc
8193ec02
8192ec08
8191ec0e
8190ec15
818fec1b
818eec21
818dec27
818cec2d
818bec34
818aec3a
8189ec40
8188ec46
8187ec4c
8186ec53
8185ec59
8184ec5f
8183ec65
8182ec6b
8181ec72
8180ec78
817fec7e
817eec84
817dec8a
817cec91
817cec97
817bec9d
817aeca3
8179ecaa
8178ecb0
8177ecb6
8176ecbc
8175ecc2
8174ecc9
8173eccf
8172ecd5
8171ecdb
8170ece1
816fece8
816eecee
816decf4
816cecfa
816ced01
816bed07
816aed0d
8169ed13
8168ed19
8167ed20
8166ed26
8165ed2c
8164ed32
8163ed38
8162ed3f
8161ed45
8160ed4b
815fed51
815fed58
815eed5e
815ded64
815ced6a
815bed70
815aed77
8159ed7d
8158ed83
8157ed89
8156ed8f
8155ed96
8155ed9c
8154eda2
8153eda8
8152edaf
8151edb5
8150edbb
814fedc1
814eedc7
814dedce
814cedd4
814cedda
814bede0
814aede7
8149eded
8148edf3
8147edf9
8146edff
8145ee06
8145ee0c
8144ee12
8143ee18
8142ee1f
8141ee25
8140ee2b
813fee31
813eee37
813dee3e
813dee44
813cee4a
813bee50
813aee57
8139ee5d
8138ee63
8137ee69
8137ee6f
8136ee76
8135ee7c
8134ee82
8133ee88
8132ee8f
8131ee95
8131ee9b
8130eea1
812feea7
812eeeae
812deeb4
812ceeba
812beec0
812beec7
812aeecd
8129eed3
8128eed9
8127eedf
8126eee6
8126eeec
8125eef2
8124eef8
8123eeff
8122ef05
8121ef0b
8121ef11
8120ef18
811fef1e
811eef24
811def2a
811cef30
811cef37
811bef3d
811aef43
8119ef49
8118ef50
8117ef56
8117ef5c
8116ef62
8115ef68
8114ef6f
8113ef75
8113ef7b
8112ef81
8111ef88
8110ef8e
810fef94
810fef9a
810eefa1
810defa7
810cefad
810befb3
810befb9
810aefc0
8109efc6
8108efcc
8107efd2
8107efd9
8106efdf
8105efe5
8104efeb
8103eff2
8103eff8
8102effe
8101f004
8100f00b
80fff011
80fff017
80fef01d
80fdf023
80fcf02a
80fcf030
80fbf036
80faf03c
80f9f043
80f8f049
80f8f04f
80f7f055
80f6f05c
80f5f062
80f5f068
80f4f06e
80f3f075
80f2f07b
80f2f081
80f1f087
80f0f08d
80eff094
80eff09a
80eef0a0
80edf0a6
80ecf0ad
80ecf0b3
80ebf0b9
80eaf0bf
80e9f0c6
80e9f0cc
80e8f0d2
80e7f0d8
80e6f0df
80e6f0e5
80e5f0eb
80e4f0f1
80e3f0f8
80e3f0fe
80e2f104
80e1f10a
80e0f110
80e0f117
80dff11d
80def123
80ddf129
80ddf130
80dcf136
80dbf13c
80dbf142
80daf149
80d9f14f
80d8f155
80d8f15b
80d7f162
80d6f168
80d6f16e
80d5f174
80d4f17b
80d3f181
80d3f187
80d2f18d
80d1f194
80d1f19a
80d0f1a0
80cff1a6
80cef1ad
80cef1b3
80cdf1b9
80ccf1bf
80ccf1c6
80cbf1cc
80caf1d2
80caf1d8
80c9f1de
80c8f1e5
80c7f1eb
80c7f1f1
80c6f1f7
80c5f1fe
80c5f204
80c4f20a
80c3f210
80c3f217
80c2f21d
80c1f223
80c1f229
80c0f230
80bff236
80bff23c
80bef242
80bdf249
80bdf24f
80bcf255
80bbf25b
80bbf262
80baf268
80b9f26e
80b9f274
80b8f27b
80b7f281
80b7f287
80b6f28d
80b5f294
80b5f29a
80b4f2a0
80b3f2a6
80b3f2ad
80b2f2b3
80b1f2b9
80b1f2bf
80b0f2c6
80aff2cc
80aff2d2
80aef2d8
80adf2df
80adf2e5
80acf2eb
80abf2f1
80abf2f8
80aaf2fe
80aaf304
80a9f30a
80a8f311
80a8f317
80a7f31d
80a6f323
80a6f32a
80a5f330
80a5f336
80a4f33c
80a3f343
80a3f349
80a2f34f
80a1f355
80a1f35c
80a0f362
80a0f368
809ff36e
809ef375
809ef37b
809df381
809cf387
809cf38e
809bf394
809bf39a
809af3a0
8099f3a7
8099f3ad
8098f3b3
8098f3b9
8097f3c0
8096f3c6
8096f3cc
8095f3d2
8095f3d9
8094f3df
8093f3e5
8093f3ec
8092f3f2
8092f3f8
8091f3fe
8090f405
8090f40b
808ff411
808ff417
808ef41e
808ef424
808df42a
808cf430
808cf437
808bf43d
808bf443
808af449
8089f450
8089f456
8088f45c
8088f462
8087f469
8087f46f
8086f475
8085f47b
8085f482
8084f488
8084f48e
8083f494
8083f49b
8082f4a1
8082f4a7
8081f4ad
8080f4b4
8080f4ba
807ff4c0
807ff4c6
807ef4cd
807ef4d3
807df4d9
807df4e0
807cf4e6
807bf4ec
807bf4f2
807af4f9
807af4ff
8079f505
8079f50b
8078f512
8078f518
8077f51e
8077f524
8076f52b
8076f531
8075f537
8075f53d
8074f544
8073f54a
8073f550
8072f556
8072f55d
8071f563
8071f569
8070f570
8070f576
806ff57c
806ff582
806ef589
806ef58f
806df595
806df59b
806cf5a2
806cf5a8
806bf5ae
806bf5b4
806af5bb
806af5c1
8069f5c7
8069f5cd
8068f5d4
8068f5da
8067f5e0
8067f5e7
8066f5ed
8066f5f3
8065f5f9
8065f600
8064f606
8064f60c
8063f612
8063f619
8062f61f
8062f625
8061f62b
8061f632
8060f638
8060f63e
805ff644
805ff64b
805ef651
805ef657
805df65e
805df664
805df66a
805cf670
805cf677
805bf67d
805bf683
805af689
805af690
8059f696
8059f69c
8058f6a2
8058f6a9
8057f6af
8057f6b5
8057f6bc
8056f6c2
8056f6c8
8055f6ce
8055f6d5
8054f6db
8054f6e1
8053f6e7
8053f6ee
8052f6f4
8052f6fa
8052f700
8051f707
8051f70d
8050f713
8050f71a
804ff720
804ff726
804ff72c
804ef733
804ef739
804df73f
804df745
804cf74c
804cf752
804cf758
804bf75e
804bf765
804af76b
804af771
8049f778
8049f77e
8049f784
8048f78a
8048f791
8047f797
8047f79d
8047f7a3
8046f7aa
8046f7b0
8045f7b6
8045f7bd
8044f7c3
8044f7c9
8044f7cf
8043f7d6
8043f7dc
8042f7e2
8042f7e8
8042f7ef
8041f7f5
8041f7fb
8040f802
8040f808
8040f80e
803ff814
803ff81b
803ff821
803ef827
803ef82d
803df834
803df83a
803df840
803cf846
803cf84d
803bf853
803bf859
803bf860
803af866
803af86c
803af872
8039f879
8039f87f
8039f885
8038f88b
8038f892
8037f898
8037f89e
8037f8a5
8036f8ab
8036f8b1
8036f8b7
8035f8be
8035f8c4
8035f8ca
8034f8d0
8034f8d7
8033f8dd
8033f8e3
8033f8ea
8032f8f0
8032f8f6
8032f8fc
8031f903
8031f909
8031f90f
8030f916
8030f91c
8030f922
802ff928
802ff92f
802ff935
802ef93b
802ef941
802ef948
802df94e
802df954
802df95b
802cf961
802cf967
802cf96d
802bf974
802bf97a
802bf980
802af986
802af98d
802af993
802af999
8029f9a0
8029f9a6
8029f9ac
8028f9b2
8028f9b9
8028f9bf
8027f9c5
8027f9cb
8027f9d2
8026f9d8
8026f9de
8026f9e5
8026f9eb
8025f9f1
8025f9f7
8025f9fe
8024fa04
8024fa0a
8024fa11
8023fa17
8023fa1d
8023fa23
8023fa2a
8022fa30
8022fa36
8022fa3c
8021fa43
8021fa49
8021fa4f
8021fa56
8020fa5c
8020fa62
8020fa68
8020fa6f
801ffa75
801ffa7b
801ffa81
801efa88
801efa8e
801efa94
801efa9b
801dfaa1
801dfaa7
801dfaad
801dfab4
801cfaba
801cfac0
801cfac7
801cfacd
801bfad3
801bfad9
801bfae0
801bfae6
801afaec
801afaf3
801afaf9
801afaff
8019fb05
8019fb0c
8019fb12
8019fb18
8018fb1e
8018fb25
8018fb2b
8018fb31
8017fb38
8017fb3e
8017fb44
8017fb4a
8016fb51
8016fb57
8016fb5d
8016fb64
8016fb6a
8015fb70
8015fb76
8015fb7d
8015fb83
8014fb89
8014fb8f
8014fb96
8014fb9c
8014fba2
8013fba9
8013fbaf
8013fbb5
8013fbbb
8013fbc2
8012fbc8
8012fbce
8012fbd5
8012fbdb
8011fbe1
8011fbe7
8011fbee
8011fbf4
8011fbfa
8011fc01
8010fc07
8010fc0d
8010fc13
8010fc1a
8010fc20
800ffc26
800ffc2c
800ffc33
800ffc39
800ffc3f
800efc46
800efc4c
800efc52
800efc58
800efc5f
800efc65
800dfc6b
800dfc72
800dfc78
800dfc7e
800dfc84
800cfc8b
800cfc91
800cfc97
800cfc9e
800cfca4
800cfcaa
800bfcb0
800bfcb7
800bfcbd
800bfcc3
800bfcc9
800bfcd0
800bfcd6
800afcdc
800afce3
800afce9
800afcef
800afcf5
800afcfc
8009fd02
8009fd08
8009fd0f
8009fd15
8009fd1b
8009fd21
8009fd28
8008fd2e
8008fd34
8008fd3b
8008fd41
8008fd47
8008fd4d
8008fd54
8008fd5a
8007fd60
8007fd67
8007fd6d
8007fd73
8007fd79
8007fd80
8007fd86
8007fd8c
8006fd93
8006fd99
8006fd9f
8006fda5
8006fdac
8006fdb2
8006fdb8
8006fdbe
8005fdc5
8005fdcb
8005fdd1
8005fdd8
8005fdde
8005fde4
8005fdea
8005fdf1
8005fdf7
8005fdfd
8004fe04
8004fe0a
8004fe10
8004fe16
8004fe1d
8004fe23
8004fe29
8004fe30
8004fe36
8004fe3c
8004fe42
8003fe49
8003fe4f
8003fe55
8003fe5c
8003fe62
8003fe68
8003fe6e
8003fe75
8003fe7b
8003fe81
8003fe88
8003fe8e
8003fe94
8002fe9a
8002fea1
8002fea7
8002fead
8002feb3
8002feba
8002fec0
8002fec6
8002fecd
8002fed3
8002fed9
8002fedf
8002fee6
8002feec
8002fef2
8002fef9
8002feff
8001ff05
8001ff0b
8001ff12
8001ff18
8001ff1e
8001ff25
8001ff2b
8001ff31
8001ff37
8001ff3e
8001ff44
8001ff4a
8001ff51
8001ff57
8001ff5d
8001ff63
8001ff6a
8001ff70
8001ff76
8001ff7d
8001ff83
8001ff89
8001ff8f
8001ff96
8001ff9c
8001ffa2
8001ffa9
8001ffaf
8001ffb5
8001ffbb
8001ffc2
8001ffc8
8001ffce
8001ffd5
8001ffdb
8001ffe1
8001ffe7
8001ffee
8001fff4
8001fffa
